rdfid,lineindex
11.3,7
11.3,8
11.3,9
11.3,10
11.3,13
11.3,16
11.3,17
11.3,19
11.3,20
11.3,22
11.3,23
11.3,24
11.3,25
11.3,26
11.3,27
11.3,28
11.3,30
11.3,32
11.3,34
11.3,35
11.3,37
11.3,40
11.3,41
11.3,42
11.3,43
11.3,53
13.1,9
13.1,15
13.1,20
13.1,22
13.1,24
13.1,28
13.1,37
13.1,38
13.1,41
13.1,45
13.1,47
13.1,48
13.1,49
13.1,50
13.1,51
13.1,52
13.1,53
13.1,54
13.1,55
13.1,56
13.1,57
13.1,58
13.1,59
13.1,61
13.2,9
13.2,19
13.2,21
13.2,23
13.2,27
13.2,36
13.2,37
13.2,45
13.2,47
13.2,48
13.2,49
13.2,50
13.2,51
13.2,52
13.2,54
13.2,55
13.2,56
13.2,57
13.2,58
13.2,59
13.2,63
13.3,9
13.3,19
13.3,22
13.3,35
13.3,36
13.3,45
13.3,46
13.3,47
13.3,48
13.3,49
13.3,50
13.3,51
13.3,54
13.3,55
13.3,56
13.3,57
13.3,58
13.3,59
13.3,60
16.1,5
16.1,10
16.1,13
16.1,15
16.1,17
16.1,18
16.1,19
16.1,20
16.1,22
16.1,23
16.1,25
16.1,26
16.1,32
16.1,34
16.1,36
16.1,37
16.2,8
16.2,13
16.2,14
16.2,17
16.2,21
16.2,24
16.2,25
16.2,26
16.2,31
16.2,33
16.2,35
16.2,36
16.2,37
16.2,40
16.2,42
16.2,43
16.2,44
16.2,45
17.1,5
17.1,9
17.1,13
17.1,15
17.1,16
17.1,22
17.1,24
17.1,26
17.1,27
17.1,29
17.1,31
17.1,32
17.1,34
17.1,36
17.1,37
17.1,38
17.1,39
17.1,41
17.2,3
17.2,8
17.2,21
17.2,23
17.2,25
17.2,26
17.2,29
17.2,30
17.2,31
17.2,32
17.2,34
17.2,35
17.2,42
17.2,45
17.2,47
17.2,49
17.2,52
17.2,54
17.2,56
17.2,60
17.2,62
17.2,66
17.2,68
17.2,70
17.2,72
17.2,73
17.2,74
17.2,80
17.2,84
17.2,86
17.2,88
17.2,91
17.2,100
17.2,102
17.2,106
17.2,111
17.2,113
17.2,118
17.2,122
17.2,124
17.2,129
17.2,133
17.2,136
17.2,138
17.2,141
17.2,144
18.1,5
18.1,10
18.1,14
18.1,16
18.1,17
18.1,27
18.1,29
18.1,32
18.1,33
18.1,35
18.1,36
18.1,37
18.1,39
18.1,41
18.1,42
18.1,45
18.1,46
18.1,47
18.1,51
18.1,56
18.1,57
18.1,58
18.1,60
18.1,61
18.2,6
18.2,8
18.2,9
18.2,10
18.2,11
18.2,15
18.2,17
18.2,19
18.2,20
18.2,22
18.2,23
18.2,27
18.2,29
18.2,30
18.2,31
18.2,39
18.2,46
18.2,48
18.2,50
18.2,52
18.2,56
18.2,60
18.2,62
18.3,3
18.3,8
18.3,9
18.3,17
18.3,18
18.3,20
18.3,21
18.3,24
18.3,27
18.3,39
18.3,41
18.3,43
18.3,44
18.3,46
18.3,47
18.3,49
18.3,50
18.3,52
18.3,61
18.3,64
18.3,67
18.3,68
18.3,70
18.3,71
18.3,73
18.3,77
18.3,79
18.3,82
18.3,86
18.3,91
18.3,94
18.3,97
18.3,98
18.3,99
18.3,101
18.3,104
18.3,105
18.3,117
18.3,118
18.3,119
18.3,122
18.3,123
18.3,128
18.3,136
18.3,139
18.3,140
18.3,147
18.3,153
18.3,158
18.3,166
18.3,168
18.3,169
18.3,171
18.3,175
18.3,181
20.1,5
20.1,10
20.1,14
20.1,16
20.1,27
20.1,29
20.1,30
20.1,32
20.1,33
20.1,34
20.1,36
20.1,38
20.1,39
20.1,41
20.1,43
20.1,45
20.1,46
20.1,48
20.1,51
20.1,52
20.1,53
20.1,56
20.1,57
20.1,58
20.1,59
20.1,61
20.1,62
20.1,68
21.1,5
21.1,6
21.1,10
21.1,11
21.1,16
21.1,18
21.1,19
21.1,29
21.1,30
21.1,32
21.1,33
21.1,35
21.1,37
21.1,41
21.1,42
21.1,46
21.1,48
21.1,49
21.1,51
21.1,53
21.1,55
21.1,56
21.1,59
21.1,60
21.1,61
21.1,62
21.1,64
21.1,65
21.1,67
21.1,70
21.2,2
21.2,8
21.2,10
21.2,12
21.2,19
21.2,27
21.2,29
21.2,37
21.2,38
21.2,39
21.2,49
21.2,56
21.2,59
21.2,62
21.2,63
21.2,65
21.2,68
21.2,71
21.2,75
21.2,81
21.2,84
21.2,87
21.2,91
21.2,92
21.2,96
21.2,97
21.2,99
21.2,100
21.2,112
21.2,115
21.2,118
21.2,121
21.2,122
21.2,124
21.2,126
21.2,127
21.2,128
21.2,130
21.2,366
21.2,369
21.2,372
21.2,375
21.2,376
21.2,377
21.2,378
21.2,380
21.2,383
22.1,6
22.1,10
22.1,14
22.1,16
22.1,17
22.1,28
22.1,29
22.1,31
22.1,33
22.1,36
22.1,37
22.1,38
22.1,40
22.1,42
22.1,44
22.1,45
22.1,46
22.1,47
22.1,49
22.2,6
22.2,8
22.2,9
22.2,16
22.2,17
22.2,26
22.2,36
22.2,40
22.2,41
22.2,44
22.2,45
22.2,47
22.2,49
22.2,51
22.2,54
22.2,56
22.2,65
22.2,67
22.2,72
22.2,84
22.2,87
22.2,89
22.2,91
22.2,92
22.2,95
22.2,96
22.2,97
22.2,98
22.2,112
22.2,114
22.2,115
22.2,118
22.2,119
22.2,122
22.2,125
22.2,136
22.2,146
22.2,149
22.2,150
22.2,151
22.2,163
22.2,164
22.2,176
22.2,177
22222,1
24.4,7
48.4,1
48.4,2
48.4,4
48.4,6
48.4,8
48.4,11
48.4,13
48.4,14
50.1,3
50.1,4
abcounting.c,7
abcounting.c,8
abcounting.c,11
abcounting.c,12
abcounting.c,13
abcounting.c,14
abcounting.c,15
abcounting.c,16
abcounting.c,17
abcounting_case.c,7
abcounting_case.c,8
abcounting_case.c,11
abcounting_case.c,12
abcounting_case.c,15
abcounting_case.c,18
abcounting_case.c,21
AccessorMutatorDemo,3
AccessorMutatorDemo,11
AccessorMutatorDemo,15
AccessorMutatorDemo,18
AccessorMutatorDemo,20
AccessorMutatorDemo_version_1_delete,3
AccessorMutatorDemo_version_1_delete,11
AccessorMutatorDemo_version_1_delete,15
AccessorMutatorDemo_version_1_delete,18
AccessorMutatorDemo_version_1_delete,20
accumulator.c,8
accumulator.c,10
accumulator.c,11
accumulator.c,13
accumulator.c,14
accumulator.c,15
accumulator.c,16
accumulator.c,17
accumulator.c,19
addition_applet,1
addition_applet,2
addition_applet,3
addition_applet,4
addition_applet,6
addition_applet,7
addition_applet,8
addition_applet,9
addition_applet,10
addition_applet,17
addition_applet,18
addition_applet,28
addition_applet,33
addition_applet,38
addition_applet,39
AddUserDB,1
AddUserDB,2
AddUserDB,3
AddUserDB,4
AddUserDB,5
AddUserDB,15
AddUserDB,16
AddUserDB,17
apples_kids.c,8
apples_kids.c,10
apples_kids.c,11
apples_kids.c,12
apples_kids.c,13
apples_kids.c,15
apples_kids.c,16
apples_kids.c,17
apples_kids.c,18
apples_kids.c,19
apples_kids.c,20
arithmetic,5
arithmetic,8
arithmetic,11
arithmetic,14
arithmetic,17
arithmetic,18
arithmetic_v2,3
arithmetic_v2,4
arithmetic_v2,5
arithmetic_v2,6
arithmetic_v2,7
arithmetic_v2,8
arithmetic_v2,9
arithmetic_v2,10
arithmetic_v2,11
arithmetic_v2,12
arithmetic_v2,13
array1,1
array1,2
array1,3
array1,4
array1,5
array1,6
array1,7
array1,8
array1,10
array1,11
array1,12
array1,13
array1,14
array1,16
array1,18
array2,1
array2,2
array2,3
array2,5
array2,7
array2,8
array2,10
array2,11
array2,12
array2,14
array2,16
array2,17
array2,20
array4.c,2
array4.c,4
array4.c,6
array4.c,8
array4.c,9
array4.c,10
array4.c,12
array4.c,13
array4.c,16
array4.c,18
array4.c,19
arrayio.c,5
arrayio.c,6
arrayio.c,11
arrayio.c,12
arrayio.c,15
arrayio.c,16
arrayio.c,17
arrayio.c,18
arrayio.c,19
arrayio.c,24
arrayio.c,25
arrayio.c,28
arrayiofor.c,5
arrayiofor.c,6
arrayiofor.c,10
arrayiofor.c,14
arrayiofor.c,15
arrayiofor.c,16
arrayiofor.c,20
arrayiofor.c,21
arrayiofor.c,26
arrayiofor.c,27
arraylist1,1
arraylist1,3
arraylist1,4
arraylist1_v2,5
arraylist1_v2,7
arraylist2,1
arraylist2,5
arraylist2,7
arraylist2,13
arraylist2,14
arraylist2,15
arraylist2,17
arraylist2,18
arraylist2,19
arraylist2,20
arraylist2_v2,1
arraylist2_v2,4
arraylist2_v2,5
arraylist2_v2,6
arraylist2_v2,11
arraylist2_v2,12
arraylist2_v2,13
arraylist2_v2,14
arraylist2_v2,15
arraylist2_v2,16
arraylist2_v2,17
arraylist2_v2,18
arraylist2_v2,19
ArrayListTester,2
ArrayListTester,6
ArrayListTester,7
ArrayListTester,11
ArrayListTester,12
ArrayListTester,13
ArrayListTester,15
ArrayListTester,17
arraymax.c,1
arraymax.c,5
arraymax.c,6
arraymax.c,11
arraymax.c,12
arraymax.c,15
arraymax.c,16
arraymax.c,17
arraymax.c,21
arraymax.c,22
arraymax.c,23
arraymin.c,1
arraymin.c,4
arraymin.c,5
arraymin.c,7
arraymin.c,9
arraymin.c,10
arraymin.c,13
arraymin.c,14
arraymin.c,15
arraymin.c,16
arraymin.c,19
arraymin.c,20
arraymin.c,21
arraymin.c,22
arraymin.c,23
arraysum.c,1
arraysum.c,4
arraysum.c,5
arraysum.c,7
arraysum.c,9
arraysum.c,10
arraysum.c,13
arraysum.c,14
arraysum.c,15
arraysum.c,16
arraysum.c,21
arraysum.c,22
arraysum.c,23
arraysum.c,24
arraysum.c,25
array_declaration,1
array_declaration,3
array_declaration_v2,5
array_declaration_v2,7
av_line_for.c,8
av_line_for.c,9
av_line_for.c,12
av_line_for.c,14
av_line_for.c,15
av_line_for.c,16
av_line_for.c,17
av_line_while.c,8
av_line_while.c,9
av_line_while.c,11
av_line_while.c,12
av_line_while.c,14
av_line_while.c,17
av_line_while.c,18
ax1_arrays_calling,3
ax1_arrays_calling,5
ax1_arrays_calling,4
ax1_arrays_declaration,4
ax1_arrays_declaration,5
ax1_arrays_declaration,6
ax1_arrays_declaration,7
ax1_arrays_declaration,8
ax1_arrays_declaration,9
ax1_arrays_saveto,3
ax1_arrays_saveto,4
ax1_arrays_saveto,5
ax1_arrays_saveto,6
ax1_arrays_saveto,7
ax1_arrays_saveto,8
ax1_combo_departments,3
ax1_combo_departments,4
ax1_combo_departments,5
ax1_combo_departments,6
ax1_combo_departments,7
ax1_combo_departments,8
ax1_combo_departments,9
ax1_combo_loops,4
ax1_combo_loops,5
ax1_combo_loops,6
ax1_combo_loops,7
ax1_combo_loops,9
ax1_combo_loops,10
ax1_combo_loops,11
ax1_combo_loops,12
ax1_combo_loops,13
ax1_database_data_to_form,4
ax1_database_data_to_form,5
ax1_database_data_to_form,6
ax1_database_data_to_form,7
ax1_database_data_to_form,9
ax1_database_data_to_form,10
ax1_database_data_to_form,11
ax1_database_data_to_form,12
ax1_database_data_to_form,13
ax1_database_data_to_form,15
ax1_database_data_to_form,16
ax1_data_lookup,3
ax1_data_lookup,4
ax1_data_lookup,5
ax1_data_lookup,6
ax1_data_lookup,8
ax1_data_lookup,9
ax1_data_lookup,11
ax1_data_lookup,12
ax1_data_lookup,13
ax1_data_lookup,14
ax1_forms_employees,3
ax1_forms_employees,4
ax1_forms_employees,5
ax1_forms_employees,6
ax1_forms_employees,7
ax1_forms_employees,8
ax1_forms_procedure,3
ax1_forms_procedure,4
ax1_forms_procedure,6
ax1_forms_procedure,7
ax1_forms_procedure,8
ax1_forms_procedure,9
ax1_forms_procedure,10
ax1_forms_procedure,11
ax1_functions_msgbox,4
ax1_functions_msgbox,6
ax1_functions_msgbox,7
ax1_functions_msgbox,8
ax1_functions_msgbox,9
ax1_functions_msgbox,10
ax1_functions_msgbox,11
ax1_functions_msgbox,12
ax1_functions_msgbox,14
ax1_if_then_else,3
ax1_if_then_else,5
ax1_if_then_else,6
ax1_if_then_else,7
ax1_if_then_else,8
ax1_if_then_else,9
ax1_if_then_else,10
ax1_if_then_else,11
ax1_if_then_else,12
ax1_if_then_else,14
ax1_operations_w_variables,3
ax1_operations_w_variables,4
ax1_operations_w_variables,5
ax1_operations_w_variables,6
ax1_operations_w_variables,7
ax1_with_statement,4
ax1_with_statement,5
ax1_with_statement,6
ax1_with_statement,8
ax1_with_statement,10
ax1_with_statement,11
ax1_with_statement,12
ax1_with_statement,13
ax1_with_statement,14
ax1_with_statement,15
ax1_with_statement,16
ax1_with_statement,17
ax1_with_statement,18
ax1_with_statement,20
babyweighting.c,5
babyweighting.c,8
babyweighting.c,9
babyweighting.c,10
babyweighting.c,13
babyweighting.c,14
babyweighting.c,15
babyweighting.c,16
babyweighting.c,17
babyweighting.c,20
babyweighting.c,25
babyweighting.c,26
babyweighting.c,28
babyweighting.c,29
babyweighting.c,31
babyweighting.c,32
babyweighting.c,33
Bank,3
Bank,7
Bank,12
Bank,17
Bank,27
Bank,32
Bank,37
Bank,42
Bank,44
Bank,47
BankAccountTester,1
BankAccountTester,3
BankAccountTester,13
BankAccountTester,17
BankAccountTester,22
BankAccountTester,27
BankAccountTester,32
BankAccountTester,37
battleship.c,5
battleship.c,6
battleship.c,10
battleship.c,11
battleship.c,12
battleship.c,13
battleship.c,14
battleship.c,15
battleship.c,17
battleship.c,28
battleship.c,30
battleship.c,36
battleship.c,40
battleship.c,41
battleship.c,42
battleship.c,43
battleship.c,45
battleship.c,47
battleship.c,48
battleship.c,51
betterbattle.c,1
betterbattle.c,10
betterbattle.c,11
betterbattle.c,12
betterbattle.c,13
betterbattle.c,14
betterbattle.c,15
betterbattle.c,18
betterbattle.c,19
betterbattle.c,26
betterbattle.c,27
betterbattle.c,29
betterbattle.c,33
betterbattle.c,35
betterbattle.c,36
betterbattle.c,37
betterbattle.c,41
betterbattle.c,43
betterbattle.c,44
betterbattle.c,49
betterbattle.c,50
betterbattle.c,52
betterbattle.c,54
betterbattle.c,56
betterbattle.c,57
betterbattle.c,59
betterbattle.c,62
betterbattle.c,63
betterbattle.c,75
betterbattle.c,79
betterbattle.c,82
better_copycat.c,1
better_copycat.c,2
better_copycat.c,4
better_copycat.c,5
better_copycat.c,6
better_copycat.c,7
better_kiosk.c,12
better_kiosk.c,13
better_kiosk.c,14
better_kiosk.c,17
better_kiosk.c,18
better_kiosk.c,21
Bicycle,3
Bicycle,6
Bicycle,7
Bicycle,8
Bicycle,11
Bicycle,12
Bicycle,13
Bicycle,14
Bicycle,15
Bicycle,18
Bicycle,19
Bicycle,20
Bicycle,22
Bicycle,23
Bicycle,24
Bicycle,26
Bicycle,27
Bicycle,28
Bicycle,30
Bicycle,31
Bicycle,32
Bicycle,34
Bicycle_v2,1
Bicycle_v2,2
Bicycle_v2,3
Bicycle_v2,4
Bicycle_v2,5
Bicycle_v2,6
Bicycle_v2,7
Bicycle_v2,8
Bicycle_v2,9
Bicycle_v2,10
Bicycle_v2,11
Bicycle_v2,12
Bicycle_v2,13
Bicycle_v2,14
Bicycle_v2,15
Bicycle_v2,16
Bicycle_v2,17
Bicycle_v2,18
Bicycle_v2,19
Bicycle_v2,20
Bicycle_v2,21
Bicycle_v2,22
Bicycle_v2,23
Bicycle_v2,24
Bicycle_v2,25
boolean_declaration,1
boolean_declaration,2
boolean_declaration_v2,5
boolean_declaration_v2,6
boolean_expression,2
boolean_expression,3
boolean_expression_v2,6
boolean_expression_v2,7
boolean_operators_v2,5
boolean_operators_v2,8
boolean_operators_v2,9
boolean_operators_v2,10
border_layout,19
border_layout,33
border_layout,47
border_layout,52
button_test,18
button_test,23
button_test,24
button_test,56
CalatogDatabase,1
CalatogDatabase,2
CalatogDatabase,3
CalatogDatabase,5
CalatogDatabase,6
CalatogDatabase,7
CalatogDatabase,9
CalatogDatabase,10
CalatogDatabase,11
CalatogDatabase,12
CalatogDatabase,13
CalatogDatabase,14
CalatogDatabase,15
CalatogDatabase,17
CalatogDatabase,18
CalatogDatabase,21
calculate.py,1
calculate.py,2
calculate.py,4
calculate.py,5
calculate.py,6
calculate.py,7
calculate.py,8
calculating1.c,6
calculating1.c,7
calculating1.c,8
calculating1.c,9
calculating1.c,10
calculating2.c,1
calculating2.c,2
calculating2.c,4
calculating2.c,7
calculating2.c,8
CallDisplayData,2
CallDisplayData,4
CallDisplayData,6
CallDisplayData,7
CallDisplayData,9
CancelEdit,1
CancelEdit,2
CancelEdit,3
capital.c,1
capital.c,3
capital.c,4
capital.c,5
capital.c,6
capital.c,7
capital.c,8
capital.c,9
capital.c,10
capital.c,11
capital.c,12
capitaltable.c,9
capitaltable.c,15
capitaltable.c,16
capitaltable.c,17
capitaltable.c,18
capitaltable.c,19
capitaltable.c,20
capitaltable.c,23
capitaltable.c,25
capitaltable.c,26
capitaltable.c,27
capitaltable.c,28
capitaltable.c,31
capitalyears.c,10
capitalyears.c,13
capitalyears.c,14
capitalyears.c,15
capitalyears.c,16
capitalyears.c,17
capitalyears.c,18
capitalyears.c,19
capitalyears.c,20
capitalyears.c,21
capitalyears.c,22
capitalyears.c,23
capitalyears.c,24
capitalyears.c,25
CashRegisterConstantField,12
CashRegisterConstantField,14
CashRegisterConstantField,22
CashRegisterConstantField,28
CashRegisterConstantField,34
CashRegisterConstantField,36
CashRegisterConstantField,40
CashRegisterTester,1
CashRegisterTester,18
CashRegisterTester,25
CashRegisterTester,32
CashRegisterTester,37
CashRegisterTester,42
CashRegisterTester,47
CashRegisterTester,52
CCVerifyParam,1
CCVerifyParam,2
CCVerifyParam,3
CCVerifyParam,5
CCVerifyParam,6
CCVerifyParam,7
CCVerifyParam,9
CCVerifyParam,10
CCVerifyParam,11
CCVerifyParam,13
Ch1_ChangingButton,1
Ch1_ChangingButton,2
Ch1_ChangingButton,5
Ch1_ChangingButton,6
Ch1_ChangingButton,8
Ch1_ChangingButton,9
Ch1_LasVegas,1
Ch1_LasVegas,2
Ch1_LasVegas,4
Ch1_LasVegas,5
Ch1_LasVegas,6
Ch1_LasVegas,8
Ch1_LasVegas,9
Ch1_LasVegas,10
Ch1_LasVegas,11
Ch1_LasVegas,12
Ch1_LasVegas,14
Ch1_LasVegas,16
Ch1_LasVegas,17
Ch1_LasVegas,19
Ch1_LasVegas,20
Ch1_LasVegas,21
Ch1_LasVegas,23
Ch1_LasVegas,25
Ch2_NumbersAndDates_Average,1
Ch2_NumbersAndDates_Average,2
Ch2_NumbersAndDates_Average,3
Ch2_NumbersAndDates_Average,4
Ch2_NumbersAndDates_Average,6
Ch2_NumbersAndDates_Average,7
Ch2_NumbersAndDates_Average,8
Ch2_NumbersAndDates_Average,9
Ch2_NumbersAndDates_Average,10
Ch2_NumbersAndDates_Average,11
Ch2_NumbersAndDates_Average,12
Ch2_NumbersAndDates_DatesDifference,1
Ch2_NumbersAndDates_DatesDifference,3
Ch2_NumbersAndDates_DatesDifference,4
Ch2_NumbersAndDates_DatesDifference,5
Ch2_NumbersAndDates_DatesDifference,7
Ch2_NumbersAndDates_DatesDifference,8
Ch2_NumbersAndDates_DatesDifference,9
Ch2_NumbersAndDates_DatesDifference,11
Ch2_NumbersAndDates_DatesDifference,12
Ch2_NumbersAndDates_DatesDifference,13
Ch2_NumbersAndDates_DatesDifference,15
Ch2_NumbersAndDates_DatesDifference,16
Ch2_NumbersAndDates_DatesDifference,17
Ch2_NumbersAndDates_DatesDifference,18
Ch2_NumbersAndDates_DatesDifference,19
Ch2_NumbersAndDates_DatesDifference,20
Ch2_NumbersAndDates_DatesDifference,22
Ch2_TimerAndText_Timer,1
Ch2_TimerAndText_Timer,2
Ch2_TimerAndText_Timer,3
Ch2_TimerAndText_Timer,4
Ch2_TimerAndText_Timer,5
Ch2_TimerAndText_Timer,6
Ch2_TimerAndText_Timer,7
Ch2_TimerAndText_Timer,8
Ch2_TimerAndText_Timer,9
Ch2_TimerAndText_Timer,11
Ch2_TimerAndText_Timer,13
Ch2_TimerAndText_Timer,15
Ch2_TimerAndText_Timer,16
Ch2_TimerAndText_Timer,17
Ch2_TimerAndText_Timer,19
Ch2_TimerAndText_Timer,12
Ch3_Case2_DoLoops,11
Ch3_Case2_DoLoops,12
Ch3_Case2_DoLoops,13
Ch3_Case2_DoLoops,15
Ch3_Case2_DoLoops,17
Ch3_Case2_DoLoops,18
Ch3_Case2_DoLoops,19
Ch3_Case2_DoLoops,20
Ch3_Case2_DoLoops,21
Ch3_Case2_DoLoops,22
Ch3_Case2_DoLoops,24
Ch3_Case2_DoLoops,25
Ch3_Case2_ForLoopDemo,1
Ch3_Case2_ForLoopDemo,2
Ch3_Case2_ForLoopDemo,3
Ch3_Case2_ForLoopDemo,4
Ch3_Case2_ForLoopDemo,5
Ch3_Case2_ForLoopDemo,6
Ch3_Case2_ForLoopDemo,7
Ch3_Case2_ForLoopDemo,8
Ch3_Case2_ForLoopDemo,9
Ch3_Case2_ForLoopDemo,10
Ch3_Case2_ForLoopDemo,11
Ch3_Case2_SearchArray,7
Ch3_Case2_SearchArray,8
Ch3_Case2_SearchArray,9
Ch3_Case2_SearchArray,10
Ch3_Case2_SearchArray,11
Ch3_Case2_SearchArray,13
Ch3_Case2_SearchArray,14
Ch3_Case2_SearchArray,15
Ch3_Case2_SearchArray,17
Ch3_Case2_SearchArray,19
Ch3_Case2_SearchArray,20
Ch3_Case2_SearchArray,21
Ch3_Case2_SearchArray,22
Ch3_Case2_SearchArray,23
Ch3_Case2_SearchArray,24
Ch3_Case2_SearchArray,25
Ch3_Case2_SearchArray,27
char2,1
char2,2
char2,3
char2,5
char2,6
char2,7
char2,8
char2,9
char2,11
char2,12
char2,14
char2,16
char2,17
char2,19
char4,1
char4,2
char4,3
char4,5
char4,7
char4,8
char4,9
char4,11
char4,14
char4,14
char4,14
char4,14
char4,14
char4,14
char4,14
char4,14
char4,14
char4,14
char4,14
char_codes.c,6
char_codes.c,10
char_codes.c,11
char_codes.c,12
char_codes.c,13
char_codes.c,14
checkbox_test,15
checkbox_test,20
checkbox_test,23
checkbox_test,24
checkbox_test,26
checkbox_test,51
checkbox_test,58
checkbox_test,69
checkbox_test,71
combobox_test,23
combobox_test,26
combobox_test,27
combobox_test,34
combobox_test,39
combobox_test,42
comparison_operators_v2,5
comparison_operators_v2,6
comparison_operators_v2,7
comparison_operators_v2,9
comparison_operators_v2,10
comparison_operators_v2,8
CompoundAssignment,4
CompoundAssignment,5
CompoundAssignment,6
CompoundAssignment,8
CompoundAssignment,9
CompoundAssignment,10
conditional_operators_v2,5
conditional_operators_v2,6
Constants,3
Constants_v2,3
Constants_v2,4
Constants_v2,6
Constants_v2,7
constant_v2,3
constant_v2,4
ConstructorDemo,3
ConstructorDemo,7
ConstructorDemo,9
ConstructorDemo,13
cookie_example,48
cookie_example,63
cookie_example,66
copycat.c,1
copycat.c,2
copycat.c,3
copycat.c,4
copycat.c,5
copycat.c,6
copycat.c,7
copycat.c,8
copycat.c,9
CopyDemo,3
CopyDemo,10
CopyDemo,17
CopyDemo,22
CopyDemo,33
CopyDemo,7
countdown1.c,8
countdown1.c,10
countdown1.c,11
countdown1.c,13
countdown1.c,15
countdown1.c,16
countdown1.c,17
countdown2.c,8
countdown2.c,12
countdown2.c,14
countdown2.c,16
countdown2.c,17
countdown2.c,19
CounterDemo,8
CounterDemo,14
CounterDemo,18
CounterDemo,23
CounterDemo,28
count_char.c,4
count_char.c,7
count_char.c,9
count_char.c,10
count_char.c,11
count_char.c,12
CreateObjectDemo,9
CreateObjectDemo,14
CreateObjectDemo,16
CreateObjectDemo,26
CreateObjectDemo_v2,4
CreateObjectDemo_v2,5
CreateObjectDemo_v2,6
CreateObjectDemo_v2,8
CreateObjectDemo_v2,9
CreateObjectDemo_v2,10
CreateObjectDemo_v2,12
CreateObjectDemo_v2,13
CreateObjectDemo_v2,14
CreateString,1
CreateString_v2,7
CreateString_v2,6
CreateString_v2,5
create_2d_array,3
create_2d_array,4
create_2d_array,5
create_2d_array_v2,3
create_2d_array_v2,4
create_2d_array_v2,5
c_ch2_all_variables,1
c_ch2_all_variables,2
c_ch2_all_variables,4
c_ch2_all_variables,5
c_ch2_all_variables,6
c_ch2_all_variables,7
c_ch2_all_variables,8
c_ch2_all_variables,9
c_ch2_all_variables,10
c_ch2_all_variables,11
c_ch2_all_variables,12
c_ch2_all_variables,14
c_ch2_all_variables,16
c_ch2_all_variables,18
c_ch2_all_variables,21
c_ch2_all_variables,23
c_ch2_all_variables,24
c_ch2_boolean_variables,1
c_ch2_boolean_variables,2
c_ch2_boolean_variables,4
c_ch2_boolean_variables,5
c_ch2_boolean_variables,6
c_ch2_boolean_variables,8
c_ch2_boolean_variables,9
c_ch2_boolean_variables,11
c_ch2_boolean_variables,12
c_ch2_boolean_variables,13
c_ch2_boolean_variables,14
c_ch2_change_variable,1
c_ch2_change_variable,2
c_ch2_change_variable,4
c_ch2_change_variable,5
c_ch2_change_variable,6
c_ch2_change_variable,8
c_ch2_change_variable,9
c_ch2_change_variable,11
c_ch2_change_variable,12
c_ch2_change_variable,13
c_ch2_change_variable,14
c_ch2_char_ascii,1
c_ch2_char_ascii,2
c_ch2_char_ascii,4
c_ch2_char_ascii,5
c_ch2_char_ascii,6
c_ch2_char_ascii,8
c_ch2_char_ascii,9
c_ch2_char_ascii,11
c_ch2_char_ascii,12
c_ch2_char_ascii,13
c_ch2_char_ascii,14
c_ch2_char_variables,1
c_ch2_char_variables,2
c_ch2_char_variables,4
c_ch2_char_variables,5
c_ch2_char_variables,6
c_ch2_char_variables,8
c_ch2_char_variables,9
c_ch2_char_variables,11
c_ch2_char_variables,12
c_ch2_char_variables,13
c_ch2_char_variables,14
c_ch2_float_double,1
c_ch2_float_double,2
c_ch2_float_double,4
c_ch2_float_double,5
c_ch2_float_double,6
c_ch2_float_double,7
c_ch2_float_double,12
c_ch2_float_double,9
c_ch2_float_double,10
c_ch2_float_double,11
c_ch2_initialize_variable,1
c_ch2_initialize_variable,2
c_ch2_initialize_variable,3
c_ch2_initialize_variable,5
c_ch2_initialize_variable,6
c_ch2_initialize_variable,7
c_ch2_initialize_variable,8
c_ch2_initialize_variable,9
c_ch2_initialize_variable,11
c_ch2_initialize_variable,13
c_ch2_initialize_variable,15
c_ch2_initialize_variable,16
c_ch2_multiline_cout,1
c_ch2_multiline_cout,2
c_ch2_multiline_cout,3
c_ch2_multiline_cout,5
c_ch2_multiline_cout,6
c_ch2_multiline_cout,7
c_ch2_multiline_cout,8
c_ch2_multiline_cout,9
c_ch2_multiline_cout,10
c_ch2_multiline_cout,11
c_ch2_multiline_cout,12
c_ch2_multiline_cout,13
c_ch2_n,1
c_ch2_n,2
c_ch2_n,4
c_ch2_n,5
c_ch2_n,6
c_ch2_n,7
c_ch2_n,8
c_ch2_n,9
c_ch2_n,10
c_ch2_n,11
c_ch2_simple_cout,1
c_ch2_simple_cout,2
c_ch2_simple_cout,4
c_ch2_simple_cout,5
c_ch2_simple_cout,6
c_ch2_simple_cout,7
c_ch2_simple_cout,8
c_ch2_string_variables,1
c_ch2_string_variables,2
c_ch2_string_variables,3
c_ch2_string_variables,5
c_ch2_string_variables,6
c_ch2_string_variables,7
c_ch2_string_variables,9
c_ch2_string_variables,10
c_ch2_string_variables,11
c_ch2_string_variables,12
c_ch2_using_variables,1
c_ch2_using_variables,2
c_ch2_using_variables,4
c_ch2_using_variables,5
c_ch2_using_variables,6
c_ch2_using_variables,8
c_ch2_using_variables,9
c_ch2_using_variables,10
c_ch2_using_variables,11
c_ch2_using_variables,13
c_ch2_using_variables,14
c_ch2_variable_types,1
c_ch2_variable_types,2
c_ch2_variable_types,4
c_ch2_variable_types,5
c_ch2_variable_types,6
c_ch2_variable_types,7
c_ch2_variable_types,8
c_ch2_variable_types,10
c_ch2_variable_types,11
c_ch2_variable_types,12
c_ch2_variable_types,14
c_ch2_variable_types,15
c_ch2_variable_types,16
c_ch2_variable_types,17
c_ch2_variable_types,18
c_ch2_variable_types,19
c_ch2_vars_operations,1
c_ch2_vars_operations,2
c_ch2_vars_operations,4
c_ch2_vars_operations,5
c_ch2_vars_operations,6
c_ch2_vars_operations,7
c_ch2_vars_operations,8
c_ch2_vars_operations,10
c_ch2_vars_operations,11
c_ch2_vars_operations,13
c_ch2_vars_operations,16
c_ch2_vars_operations,17
c_ch2_var_size,1
c_ch2_var_size,2
c_ch2_var_size,4
c_ch2_var_size,5
c_ch2_var_size,6
c_ch2_var_size,8
c_ch2_var_size,9
c_ch2_var_size,10
c_ch2_var_size,12
c_ch2_var_size,13
DataBindProc,1
DataBindProc,3
DataBindProc,4
DataBindProc,5
DataBindProc,6
DataBindProc,8
DataBindProc,13
DataBindProc,14
DataBindProc,16
DataBindProc,17
DataBindProc,18
DataBindProc,20
DataDeletion1,1
DataDeletion1,2
DataDeletion2,1
DataDeletion2,2
DataDeletion2,3
DataDeletion2,5
DataDeletion3,1
DataDeletion3,2
DataDeletion3,3
DataGridCalc,1
DataGridCalc,2
DataGridCalc,3
DataGridCalc,4
DataGridCalc,5
DataGridCalc,7
DataGridCalc,9
DataGridCalc,10
DataGridCalc,11
DataGridCalc,13
DataGridCalc,14
DataGridCalc,15
DataGridCalc,16
DataGridCalc,17
DataGridCalc,18
DataGridCalc,21
DataGridCalc,22
DataGridCalc,24
DataGridCalc,25
DataGridHTML,1
DataGridHTML,2
DataGridHTML,3
DataGridHTML,8
DataGridHTML,9
DataGridHTML,11
DataGridHTML,12
DataGridHTML,13
DataGridHTML,14
DataGridHTML,15
DataGridHTML,16
DataGridHTML,17
DataGridHTML,19
DataInsertion1,1
DataInsertion1,2
DataInsertion2,1
DataInsertion2,2
DataInsertion3,1
DataInsertion3,2
DataInsertion3,4
DataInsertion4,1
DataInsertion4,2
DataInsertion4,3
DataInsertion4,4
DataInsertion4,5
DataSelection1,1
DataSelection1,2
DataSelection10,1
DataSelection10,2
DataSelection10,3
DataSelection12,1
DataSelection13,1
DataSelection13,2
DataSelection13,3
DataSelection14,3
DataSelection15,3
DataSelection16,2
DataSelection17,3
DataSelection18,1
DataSelection18,2
DataSelection18,3
DataSelection18,4
DataSelection19,1
DataSelection19,3
DataSelection19,4
DataSelection2,1
DataSelection20,1
DataSelection20,3
DataSelection20,4
DataSelection21,1
DataSelection21,3
DataSelection21,4
DataSelection22,1
DataSelection22,3
DataSelection23,1
DataSelection24,1
DataSelection25,1
DataSelection25,3
DataSelection26,3
DataSelection26,4
DataSelection27,3
DataSelection28,1
DataSelection28,3
DataSelection28,4
DataSelection29,1
DataSelection29,3
DataSelection29,4
DataSelection3,1
DataSelection3,2
DataSelection30,3
DataSelection30,4
DataSelection31,3
DataSelection31,4
DataSelection32,1
DataSelection32,2
DataSelection32,3
DataSelection32,4
DataSelection32,5
DataSelection32,7
DataSelection33,1
DataSelection33,2
DataSelection33,3
DataSelection33,4
DataSelection33,5
DataSelection33,6
DataSelection33,7
DataSelection34,1
DataSelection34,2
DataSelection34,3
DataSelection34,4
DataSelection35,2
DataSelection35,3
DataSelection35,6
DataSelection35,7
DataSelection36,2
DataSelection36,3
DataSelection36,4
DataSelection37,3
DataSelection37,4
DataSelection37,5
DataSelection37,6
DataSelection37,8
DataSelection38,4
DataSelection4,1
DataSelection40,2
DataSelection40,3
DataSelection41,1
DataSelection41,3
DataSelection41,5
DataSelection41,6
DataSelection41,7
DataSelection5,1
DataSelection6,1
DataSelection6,3
DataSelection7,1
DataSelection7,3
DataSelection8,1
DataSelection8,3
DataSelection9,1
DataSelection9,3
DataSelecton11,3
DataToCombo,2
DataToCombo,4
DataToCombo,5
DataToCombo,6
DataToCombo,8
DataToCombo,10
DataToCombo,11
DataToCombo,12
DataToForm,1
DataToForm,2
DataToForm,3
DataToForm,4
DataToForm,5
DataToForm,6
DataToForm,8
DataToForm,9
DataToForm,10
DataToForm,11
DataToForm,12
DataToForm,13
DataToForm,14
DataToForm,16
DataToForm,17
DataToForm,19
DataToForm,20
DataToForm,21
DataToForm,22
DataToForm,23
DataToForm,24
DataToForm,25
DataToForm,27
DataToForm,28
DataToForm,29
DataToForm,30
DataToForm,31
DataToForm,32
DataToForm,34
DataToForm,43
DataToForm,44
DataUpdate1,1
DataUpdate1,2
DataUpdate1,3
DataUpdate2,1
DataUpdate2,2
DataUpdate2,3
DataUpdate3,1
DataUpdate3,2
DataUpdate4,1
DataUpdate4,3
DataUpdate5,2
DataUpdate5,3
DataUpdate5,4
decisions1_v2,7
decisions1_v2,8
decisions1_v2,9
decisions1_v2,10
decisions1_v2,11
decisions1_v2,12
decisions1_v2,13
decisions1_v2,14
decisions1_v2,15
decisions1_v2,16
decisions1_v2,17
decisions1_v2,18
Decision_If_v2,6
Decrement,6
Decrement,7
Decrement,8
Decrement,9
Decrement,11
Decrement,12
Decrement,13
Decrement,14
DeleteDataGrid,1
DeleteDataGrid,2
DeleteDataGrid,3
DeleteDataGrid,4
DeleteDataGrid,5
DeleteDataGrid,7
DeleteDataGrid,8
DeleteDataGrid,10
DeleteDataGrid,11
DeleteDataGrid,13
DeleteDataGrid,14
DeleteDataGrid,15
DeleteDataGrid,17
DeleteDataGrid,18
demo_example,3
demo_example,4
demo_example,5
demo_example_version_1,3
demo_example_version_1,4
demo_example_version_1,5
digcount.c,11
digcount.c,14
digcount.c,15
digcount.c,18
digcount.c,19
digcount.c,20
digcount.c,21
digcount.c,24
digcount.c,28
dowhile2.c,1
dowhile2.c,3
dowhile2.c,5
dowhile2.c,7
dowhile2.c,9
dowhile2.c,10
dowhile2.c,12
dowhile2.c,13
dowhile2.c,16
dowhile2.c,17
dowhile2.c,23
dowhile2.c,24
do_while_v2,4
do_while_v2,5
do_while_v2,6
do_while_v2,7
e2,2
EditDataGrid,1
EditDataGrid,2
EditDataGrid,3
EditingDBData,2
EditingDBData,4
EditingDBData,5
EditingDBData,7
EditingDBData,8
EditingDBData,9
EditingDBData,10
EditingDBData,12
EditingDBData,14
EditingDBData,19
EditingDBData,21
EditingDBData,22
EditingDBData,23
EditingDBData,24
EditingDBData,26
EditingDBData,27
EditingDBData,28
EditingDBData,29
EditingDBData,31
EditingDBData,36
EditingDBData,41
EditingDBData,46
EditingDBData,51
EditingDBData,56
EditingDBData,57
EditingDBData,58
EditingDBData,60
EditingDBData,61
EditingDBData,63
EditingDBData,64
EditingDBData,65
EditingDBData,66
EditingDBData,67
EditingDBData,69
EditingDBData,70
EditingDBData,71
EditingDBData,72
EditingDBData,73
EditingDBData,74
EditingDBData,76
EditingDBData,77
EditingDBData,79
EditingDBData,80
EditingDBData,81
encrypt.c,7
encrypt.c,8
encrypt.c,11
encrypt.c,13
encrypt.c,14
encrypt.c,15
encrypt.c,17
encrypt.c,18
encrypt.c,19
encrypt.c,21
EnhancedForLoopDemo,6
EnhancedForLoopDemo,13
example_demo1,3
exception_v2,5
exception_v2,6
exception_v2,8
exception_v2,11
exception_v2,14
exception_v2,15
exception_v2,7
exception_v2,10
exception_v2,9
exchange_kiosk.c,1
exchange_kiosk.c,10
exchange_kiosk.c,14
exchange_kiosk.c,15
exchange_kiosk.c,16
exchange_kiosk.c,17
exchange_kiosk.c,18
exchange_kiosk.c,19
exchange_kiosk.c,20
exchange_kiosk.c,21
exchange_kiosk.c,22
exchange_kiosk.c,23
exchange_kiosk.c,24
exchange_kiosk.c,25
exchange_kiosk.c,26
exchange_kiosk.c,27
exchange_kiosk.c,28
exchange_kiosk.c,29
f2c_for.c,10
f2c_for.c,16
f2c_table.c,9
f2c_table.c,15
f2c_table.c,16
f2c_table.c,17
f2c_table.c,18
f2c_table.c,19
f2c_table.c,20
factorial.c,7
factorial.c,12
factorial.c,13
factorial.c,14
factorial.c,16
factorial.c,17
factorial.c,18
factorial.c,20
factorial.c,21
factorial.c,22
factorial.c,23
factorial.c,24
factorial.c,25
factorial.c,26
fahr_input.c,7
fahr_input.c,8
fahr_input.c,9
fahr_input.c,10
fahr_input.c,11
fahr_input.c,12
fahr_input.c,13
fahr_input.c,14
fahr_input.c,15
FAKE,1
fig02_01.c,1
fig02_01.c,3
fig02_01.c,7
fig02_01.c,8
fig02_01.c,10
fig02_01.c,12
fig02_03.c,9
fig02_03.c,11
fig02_04.c,8
fig02_04.c,10
fig02_04.c,12
fig02_05.c,8
fig02_05.c,9
fig02_05.c,10
fig02_05.c,13
fig02_05.c,16
fig02_05.c,18
fig02_05.c,20
fig02_05.c,22
fig02_05.c,24
fig02_13.c,9
fig02_13.c,10
fig02_13.c,15
fig02_13.c,17
fig02_13.c,19
fig02_13.c,21
fig02_13.c,23
fig02_13.c,25
fig02_13.c,27
fig02_13.c,29
fig02_13.c,31
fig02_13.c,33
fig02_13.c,35
fig02_13.c,37
fig02_13.c,39
fig02_13.c,41
fig02_13.c,43
fig03_06.c,8
fig03_06.c,14
fig03_06.c,15
fig03_06.c,18
fig03_06.c,22
fig03_06.c,26
fig03_08.c,12
fig03_08.c,16
fig03_08.c,24
fig03_08.c,25
fig03_08.c,26
fig03_08.c,30
fig03_08.c,35
fig03_08.c,38
fig03_08.c,41
fig03_08.c,43
fig03_10.c,9
fig03_10.c,10
fig03_10.c,11
fig03_10.c,15
fig03_10.c,22
fig03_10.c,24
fig03_10.c,25
fig03_10.c,27
fig03_10.c,29
fig03_13.c,13
fig03_13.c,19
fig04_01.c,8
fig04_01.c,10
fig04_01.c,11
fig04_01.c,12
fig04_01.c,13
fig04_02.c,5
fig04_02.c,9
fig04_02.c,10
"fig04_05.c ",5
"fig04_05.c ",11
"fig04_05.c ",14
fig04_06.c,4
fig04_06.c,6
fig04_06.c,13
fig04_06.c,19
fig04_06.c,21
fig04_07.c,19
fig04_07.c,22
fig04_07.c,24
fig04_07.c,25
fig04_07.c,26
fig04_07.c,27
fig04_07.c,49
fig04_07.c,50
fig04_07.c,51
fig04_07.c,54
fig04_07.c,58
fig04_09.c,12
fig04_11.c,16
fig04_12.c,15
fig05_03.c,5
fig05_03.c,10
fig05_03.c,11
fig05_03.c,17
fig05_03.c,19
fig05_03.c,21
fig05_03.c,22
fig05_04.c,5
fig05_04.c,15
fig05_04.c,16
fig05_04.c,20
fig05_04.c,22
fig05_04.c,24
fig05_04.c,28
fig05_04.c,32
fig05_07.c,10
fig05_07.c,11
fig05_07.c,12
fig05_08.c,15
fig05_08.c,16
fig05_08.c,18
fig05_08.c,19
fig05_08.c,21
fig05_08.c,23
fig05_08.c,27
fig05_08.c,50
fig05_09.c,9
fig05_09.c,12
fig05_09.c,14
fig05_09.c,16
fig05_09.c,17
fig05_09.c,18
fig05_10.c,7
fig05_10.c,13
fig05_10.c,14
fig05_10.c,15
fig05_10.c,17
fig05_10.c,39
fig05_10.c,40
fig05_10.c,43
fig05_10.c,44
fig05_10.c,49
fig05_10.c,58
fig05_10.c,63
fig05_10.c,64
fig05_10.c,65
fig05_10.c,66
fig05_12.c,8
fig05_12.c,12
fig05_12.c,15
fig05_12.c,16
fig05_12.c,22
fig05_12.c,23
fig05_12.c,24
fig05_12.c,25
fig05_12.c,26
fig05_12.c,27
fig05_12.c,33
fig05_12.c,35
fig05_12.c,41
fig05_12.c,43
fig05_12.c,49
fig05_14.c,10
fig05_14.c,17
fig05_14.c,19
fig05_14.c,22
fig05_15.c,13
fig05_15.c,14
fig05_15.c,20
fig05_15.c,22
fig05_15.c,25
fig06_03.c,7
fig06_03.c,10
fig06_03.c,11
fig06_03.c,16
fig06_04.c,7
fig06_05.c,4
fig06_05.c,8
fig06_05.c,12
fig06_06.c,8
fig06_06.c,13
fig06_07.c,4
fig06_07.c,5
fig06_07.c,12
fig06_07.c,13
fig06_07.c,17
fig06_07.c,18
fig06_08.c,8
fig06_08.c,9
fig06_08.c,10
fig06_08.c,18
fig06_08.c,21
fig06_09.c,10
fig06_09.c,11
fig06_09.c,12
fig06_09.c,14
fig06_09.c,16
fig06_09.c,18
fig06_10.c,7
fig06_10.c,8
fig06_10.c,12
fig06_10.c,18
fig06_11.c,20
fig06_11.c,22
fig06_11.c,28
fig06_11.c,34
fig06_11.c,38
fig06_11.c,40
fig06_11.c,45
fig06_11.c,51
fig06_12.c,7
fig06_13.c,6
fig06_13.c,21
fig06_13.c,30
fig06_13.c,35
fig06_13.c,39
fig06_13.c,43
fig06_14.c,5
fig06_14.c,15
fig06_14.c,17
fig06_14.c,18
fig06_14.c,19
fig06_15.c,11
fig06_15.c,18
fig06_15.c,19
fig06_15.c,21
fig06_15.c,22
fig06_15.c,24
fig06_16.c,15
fig06_16.c,35
fig06_16.c,37
fig06_16.c,38
fig06_16.c,53
fig06_16.c,66
fig06_16.c,69
fig06_16.c,71
fig06_16.c,72
fig06_16.c,73
fig06_16.c,74
fig06_16.c,75
fig06_16.c,81
fig06_16.c,85
fig06_16.c,95
fig06_16.c,111
fig06_16.c,113
fig06_16.c,114
fig06_16.c,115
fig06_16.c,117
fig06_16.c,118
fig06_16.c,119
fig06_16.c,132
fig06_18.c,22
fig06_18.c,33
fig06_18.c,36
fig06_18.c,38
fig06_18.c,41
fig06_19.c,34
fig06_19.c,36
fig06_19.c,37
fig06_19.c,38
fig06_19.c,39
fig06_19.c,41
fig06_19.c,42
fig06_19.c,44
fig06_19.c,45
fig06_19.c,48
fig06_19.c,49
fig06_19.c,52
fig06_19.c,72
fig06_19.c,73
fig06_21.c,9
fig06_21.c,10
fig06_22.c,15
fig06_22.c,17
fig06_22.c,27
fig06_22.c,29
fig06_22.c,34
fig06_22.c,40
fig06_22.c,41
fig06_22.c,47
fig06_22.c,50
fig06_22.c,63
fig06_22.c,66
fig06_22.c,71
fig07_04.c,8
fig07_04.c,10
fig07_04.c,13
fig07_04.c,15
fig07_04.c,18
fig07_06.c,10
fig07_06.c,15
fig07_06.c,17
fig07_07.c,4
fig07_07.c,10
fig07_07.c,17
fig07_10.c,7
fig07_10.c,20
fig07_10.c,21
fig07_10.c,22
fig07_10.c,24
fig07_11.c,6
fig07_11.c,17
fig07_11.c,18
fig07_11.c,19
fig07_12.c,5
fig07_12.c,15
fig07_13.c,9
fig07_13.c,10
fig07_13.c,11
fig07_14.c,9
fig07_14.c,11
fig07_14.c,12
fig07_15.c,18
fig07_15.c,28
fig07_15.c,35
fig07_15.c,42
fig07_16.c,10
fig07_16.c,19
fig07_17.c,14
fig07_17.c,15
fig07_20.cpp,15
fig07_20.cpp,22
fig07_20.cpp,28
fig07_20.cpp,33
fig07_21.c,21
fig07_21.c,24
fig07_21.c,25
fig07_21.c,29
fig07_21.c,31
fig07_24.c,13
fig07_24.c,14
fig07_24.c,31
fig07_24.c,48
fig07_26.c,7
fig07_26.c,24
fig07_26.c,28
fig07_26.c,39
fig07_26.c,48
fig07_26.c,63
fig07_26.c,67
fig07_28.c,11
fig07_28.c,17
FindUserDB,1
FindUserDB,3
FindUserDB,4
FindUserDB,5
FindUserDB,6
FindUserDB,7
FindUserDB,9
FindUserDB,10
FindUserDB,12
FindUserDB,13
FindUserDB,14
FindUserDB,15
FindUserDB,16
FindUserDB,17
FindUserDB,18
FindUserDB,19
FindUserDB,20
flow_layout,26
flow_layout,29
fonts,20
fonts,37
For1,1
For1,6
For1,8
For1,9
For1,10
For1,11
For1,15
For1,17
For1,19
For1,22
for1_v2,3
for1_v2,4
For3,1
For3,2
For3,3
For3,5
For3,6
For3,7
For3,8
For3,9
For3,10
For3,11
For3,12
For3,14
For3,15
For3,17
For3,18
For3,20
get_request_example,8
get_request_example,10
get_request_example,13
get_request_example,14
get_request_example,15
get_request_example,16
get_request_example,17
get_request_example,18
get_request_example,19
get_request_example,20
get_request_example,21
get_request_example,22
get_servlet,7
get_servlet,14
get_servlet,15
get_servlet,19
get_servlet,24
get_servlet,25
get_servlet_htm,10
get_servlet_htm,11
get_servlet_htm,14
GlobalVariablesAndProcedures,2
GlobalVariablesAndProcedures,3
GlobalVariablesAndProcedures,5
GlobalVariablesAndProcedures,6
GlobalVariablesAndProcedures,7
GlobalVariablesAndProcedures,8
GlobalVariablesAndProcedures,11
goodswap.c,7
goodswap.c,8
goodswap.c,13
goodswap.c,14
goodswap.c,15
goodswap.c,16
goodswap.c,17
goodswap.c,20
goodswap.c,28
GradeBook,7
GradeBook,12
GradeBook,17
GradeBook,27
GradeBook,41
grid_layout,20
grid_layout,32
grid_layout,41
grid_layout,47
HelloPrinter,5
helloworld.c,1
helloworld.c,2
helloworld.c,3
helloworld.c,4
helloworld.c,5
helloworld.c,6
helloworld.c,7
helloworld.c,8
HelloWorld2,2
HelloWorld2,3
HelloWorld2,7
HelloWorld2,8
HelloWorld2_v2,1
HelloWorld2_v2,2
HelloWorld2_v2,3
HelloWorld2_v2,4
HelloWorld2_v2,5
HelloWorld2_v2,6
HelloWorld2_v2_version_1,1
HelloWorld2_v2_version_1,2
HelloWorld2_v2_version_1,3
HelloWorld2_v2_version_1,4
HelloWorld2_v2_version_1,5
HelloWorld2_v2_version_1,6
ifelse2_v2,6
ifelse2_v2,7
ifelse2_v2,8
ifelse2_v2,9
ifelse2_v2_version_1,2
ifelse2_v2_version_1,3
ifelse2_v2_version_1,4
ifelse2_v2_version_1,5
ImageDatabase,1
ImageDatabase,2
ImageDatabase,3
ImageDatabase,5
ImageDatabase,6
ImageDatabase,7
ImageDatabase,8
ImageDatabase,9
ImageDatabase,11
ImageDatabase,12
ImageDatabase,14
ImageDatabase,15
ImageToFile,1
ImageToFile,2
ImageToFile,3
ImageToFile,5
ImageToFile,7
ImageToFile,8
ImageToFile,10
ImageToFile,11
ImageToFile,13
ImageToFile,14
imple_multi,1
imple_multi,5
imple_multi,10
imple_multi_v2,1
imple_multi_v2,5
imple_multi_v2,10
import_pkg_v2,1
import_pkg_v2,2
increment,13
increment,14
increment,15
increment,16
increment,21
increment,22
increment,23
increment,24
increment,26
increment,28
increment_v2,4
increment_v2,5
increment_v2,6
increment_v2,7
increment_v2,9
increment_v2,10
increment_v2,11
increment_v2,12
inheritance1,1
inheritance1,2
inheritance1_v2,1
inheritance1_v2,2
inheritance_casting_1,7
inheritance_casting_1,8
inheritance_casting_1,15
inheritance_casting_1,16
inheritance_casting_1,17
inheritance_casting_1,18
inheritance_casting_1,19
inheritance_constructors_1,4
inheritance_constructors_1,5
inheritance_constructors_1,9
inheritance_constructors_1,10
inheritance_constructors_1,11
inheritance_constructors_1,15
inheritance_constructors_1,16
inheritance_constructors_1,17
inheritance_polymorphism_1,7
inheritance_polymorphism_1,8
inheritance_polymorphism_1,15
inheritance_polymorphism_1,16
inheritance_polymorphism_2,8
inheritance_polymorphism_2,14
inheritance_polymorphism_2,21
inheritance_polymorphism_2,22
inheritance_polymorphism_2,23
inheritance_polymorphism_2,24
inheritance_polymorphism_2,25
inheritance_polymorphism_2,28
inheritance_polymorphism_2,30
inheritance_polymorphism_2_version_1,1
inheritance_polymorphism_2_version_1,8
inheritance_polymorphism_2_version_1,14
inheritance_polymorphism_2_version_1,21
inheritance_polymorphism_2_version_1,22
inheritance_polymorphism_2_version_1,23
inheritance_polymorphism_2_version_1,24
inheritance_polymorphism_2_version_1,25
inheritance_polymorphism_2_version_1,28
inheritance_polymorphism_2_version_1,30
inheritance_test01,1
inheritance_test01,4
inheritance_test01,6
inner_v2,4
inner_v2,6
insummax.c,7
insummax.c,8
insummax.c,9
insummax.c,15
insummax.c,16
insummax.c,20
insummax.c,22
insummax.c,23
insummax.c,24
insummax.c,26
insummax.c,33
insummax.c,34
insummax.c,39
insummax.c,40
insummax.c,41
interfaceClassConversion,1
interfaceClassConversion,2
interfaceClassConversion,5
interfaceClassConversion,10
interfaceClassConversion,19
interfaceClassConversion,26
interfaceClassConversion,28
InterfacePolymorphism,1
InterfacePolymorphism,2
InterfacePolymorphism,6
InterfacePolymorphism,10
InterfacePolymorphism,24
InterfacePolymorphism,29
InterfacePolymorphism,46
InterfacePolymorphism,47
InterfacePolymorphism,48
InterfacePolymorphism,49
InterfacePolymorphism,50
io1_v2,1
io1_v2,4
io1_v2,5
io1_v2,6
io1_v2,7
io1_v2,9
io1_v2,10
io1_v2,11
IS17_abstract1,3
IS17_abstract1,4
IS17_abstract1,5
IS17_ArrayList1,1
IS17_ArrayList1,3
IS17_ArrayList1,4
IS17_ArrayList1,5
IS17_ArrayList1,10
IS17_ArrayList1,11
IS17_ArrayList1,12
IS17_ArrayList1,13
IS17_ArrayList1,14
IS17_ArrayList1,21
IS17_ArrayList1,26
IS17_ArrayList1,32
IS17_ArrayList1_1,1
IS17_ArrayList1_1,3
IS17_ArrayList1_1,4
IS17_ArrayList1_1,5
IS17_ArrayList1_1,6
IS17_ArrayList1_1,8
IS17_ArrayList1_1,9
IS17_ArrayList1_1,10
IS17_ArrayList1_1,11
IS17_ArrayList1_1,12
IS17_ArrayList1_1,13
IS17_ArrayList1_1,14
IS17_ArrayList1_1,16
IS17_ArrayList1_1,17
IS17_ArrayList1_1,18
IS17_ArrayList1_1,19
IS17_ArrayList1_1,21
IS17_ArrayList1_1,23
IS17_ArrayList1_1,24
IS17_ArrayList1_1,26
IS17_ArrayList1_1,28
IS17_ArrayList1_1,29
IS17_ArrayList1_1,30
IS17_ArrayList1_1,31
IS17_ArrayList1_1,32
IS17_ArrayList1_1,33
IS17_ArrayList1_1,34
IS17_ArrayList1_1,35
IS17_ArrayList1_2,1
IS17_ArrayList1_2,3
IS17_ArrayList1_2,4
IS17_ArrayList1_2,5
IS17_ArrayList1_2,8
IS17_ArrayList1_2,9
IS17_ArrayList1_2,10
IS17_ArrayList1_2,11
IS17_ArrayList1_2,12
IS17_ArrayList1_2,13
IS17_ArrayList1_2,14
IS17_ArrayList1_2,16
IS17_ArrayList1_2,17
IS17_ArrayList1_2,18
IS17_ArrayList1_2,21
IS17_ArrayList1_2,23
IS17_ArrayList1_2,24
IS17_ArrayList1_2,26
IS17_ArrayList1_2,28
IS17_ArrayList1_2,29
IS17_ArrayList1_2,30
IS17_ArrayList1_2,32
IS17_ArrayList1_3,1
IS17_ArrayList1_3,3
IS17_ArrayList1_3,4
IS17_ArrayList1_3,5
IS17_ArrayList1_3,8
IS17_ArrayList1_3,10
IS17_ArrayList1_3,11
IS17_ArrayList1_3,12
IS17_ArrayList1_3,13
IS17_ArrayList1_3,14
IS17_ArrayList1_3,16
IS17_ArrayList1_3,17
IS17_ArrayList1_3,18
IS17_ArrayList1_3,21
IS17_ArrayList1_3,23
IS17_ArrayList1_3,24
IS17_ArrayList1_3,26
IS17_ArrayList1_3,28
IS17_ArrayList1_3,29
IS17_ArrayList1_3,30
IS17_ArrayList1_3,32
IS17_ArrayList1_4,1
IS17_ArrayList1_4,2
IS17_ArrayList1_4,3
IS17_ArrayList1_4,4
IS17_ArrayList1_4,5
IS17_ArrayList1_4,6
IS17_ArrayList1_4,7
IS17_ArrayList1_4,8
IS17_ArrayList1_4,9
IS17_ArrayList1_4,10
IS17_ArrayList1_4,11
IS17_ArrayList1_4,12
IS17_ArrayList1_4,13
IS17_ArrayList1_4,14
IS17_ArrayList1_4,15
IS17_ArrayList1_4,16
IS17_ArrayList1_4,17
IS17_ArrayList1_4,18
IS17_ArrayList1_4,19
IS17_ArrayList1_4,20
IS17_ArrayList1_4,21
IS17_ArrayList1_4,22
IS17_ArrayList1_4,23
IS17_ArrayList1_4,24
IS17_ArrayList1_4,25
IS17_ArrayList1_4,26
IS17_ArrayList1_4,27
IS17_ArrayList1_4,28
IS17_ArrayList1_4,29
IS17_ArrayList1_4,30
IS17_ArrayList1_4,31
IS17_ArrayList1_4,32
IS17_ArrayList1_4,33
IS17_ArrayList1_4,34
IS17_ArrayList1_4,35
IS17_ArrayList1_5,1
IS17_ArrayList1_5,2
IS17_ArrayList1_5,3
IS17_ArrayList1_5,4
IS17_ArrayList1_5,6
IS17_ArrayList1_5,7
IS17_ArrayList1_5,8
IS17_ArrayList1_5,9
IS17_ArrayList1_5,10
IS17_ArrayList1_5,13
IS17_ArrayList1_5,15
IS17_ArrayList1_5,18
IS17_ArrayList1_5,20
IS17_ArrayList1_5,22
IS17_ArrayList1_5,25
IS17_ArrayList1_5,27
IS17_ArrayList1_5,28
IS17_ArrayList1_5,29
IS17_ArrayList1_5,30
IS17_ArrayList1_5,31
IS17_ArrayList1_5,32
IS17_ArrayList1_5,33
IS17_ArrayList1_5,34
IS17_ArrayList1_5,35
IS17_ArrayList1_7,1
IS17_ArrayList1_7,3
IS17_ArrayList1_7,4
IS17_ArrayList1_7,5
IS17_ArrayList1_7,6
IS17_ArrayList1_7,8
IS17_ArrayList1_7,9
IS17_ArrayList1_7,10
IS17_ArrayList1_7,11
IS17_ArrayList1_7,12
IS17_ArrayList1_7,13
IS17_ArrayList1_7,14
IS17_ArrayList1_7,16
IS17_ArrayList1_7,17
IS17_ArrayList1_7,18
IS17_ArrayList1_7,19
IS17_ArrayList1_7,21
IS17_ArrayList1_7,23
IS17_ArrayList1_7,24
IS17_ArrayList1_7,26
IS17_ArrayList1_7,28
IS17_ArrayList1_7,29
IS17_ArrayList1_7,30
IS17_ArrayList1_7,31
IS17_ArrayList1_7,32
IS17_ArrayList1_7,33
IS17_ArrayList1_7,35
IS17_ArrayList2_1,1
IS17_ArrayList2_1,2
IS17_ArrayList2_1,3
IS17_ArrayList2_1,4
IS17_ArrayList2_1,5
IS17_ArrayList2_1,6
IS17_ArrayList2_1,7
IS17_ArrayList2_1,8
IS17_ArrayList2_1,9
IS17_ArrayList2_1,10
IS17_ArrayList2_1,11
IS17_ArrayList2_1,12
IS17_ArrayList2_1,13
IS17_ArrayList2_1,14
IS17_ArrayList2_1,15
IS17_ArrayList2_1,16
IS17_ArrayList2_1,17
IS17_ArrayList2_1,18
IS17_ArrayList2_1,19
IS17_ArrayList2_1,20
IS17_ArrayList2_1,21
IS17_ArrayList2_1,22
IS17_ArrayList2_1,23
IS17_ArrayList2_1,24
IS17_ArrayList2_1,25
IS17_ArrayList2_1,26
IS17_ArrayList2_2,1
IS17_ArrayList2_2,2
IS17_ArrayList2_2,3
IS17_ArrayList2_2,4
IS17_ArrayList2_2,6
IS17_ArrayList2_2,7
IS17_ArrayList2_2,8
IS17_ArrayList2_2,9
IS17_ArrayList2_2,10
IS17_ArrayList2_2,11
IS17_ArrayList2_2,13
IS17_ArrayList2_2,14
IS17_ArrayList2_2,15
IS17_ArrayList2_2,16
IS17_ArrayList2_2,18
IS17_ArrayList2_2,19
IS17_ArrayList2_2,20
IS17_ArrayList2_2,22
IS17_ArrayList2_2,23
IS17_ArrayList2_3,1
IS17_ArrayList2_3,2
IS17_ArrayList2_3,3
IS17_ArrayList2_3,4
IS17_ArrayList2_3,6
IS17_ArrayList2_3,7
IS17_ArrayList2_3,8
IS17_ArrayList2_3,9
IS17_ArrayList2_3,10
IS17_ArrayList2_3,11
IS17_ArrayList2_3,13
IS17_ArrayList2_3,14
IS17_ArrayList2_3,15
IS17_ArrayList2_3,16
IS17_ArrayList2_3,18
IS17_ArrayList2_3,19
IS17_ArrayList2_3,20
IS17_ArrayList2_3,22
IS17_ArrayList2_3,23
IS17_ArrayList2_3,24
IS17_ArrayList2_3,25
IS17_ArrayList2_4,1
IS17_ArrayList2_4,2
IS17_ArrayList2_4,3
IS17_ArrayList2_4,4
IS17_ArrayList2_4,6
IS17_ArrayList2_4,7
IS17_ArrayList2_4,8
IS17_ArrayList2_4,9
IS17_ArrayList2_4,10
IS17_ArrayList2_4,11
IS17_ArrayList2_4,13
IS17_ArrayList2_4,14
IS17_ArrayList2_4,15
IS17_ArrayList2_4,16
IS17_ArrayList2_4,18
IS17_ArrayList2_4,19
IS17_ArrayList2_4,20
IS17_ArrayList2_4,22
IS17_ArrayList2_4,23
IS17_ArrayList2_5,1
IS17_ArrayList2_5,4
IS17_ArrayList2_5,5
IS17_ArrayList2_5,11
IS17_ArrayList2_5,13
IS17_ArrayList2_5,14
IS17_ArrayList2_5,15
IS17_ArrayList2_5,16
IS17_ArrayList2_5,18
IS17_ArrayList2_5,19
IS17_ArrayList2_5,20
IS17_ArrayList2_5,22
IS17_ArrayList2_5,23
IS17_ArrayList2_6,1
IS17_ArrayList2_6,2
IS17_ArrayList2_6,3
IS17_ArrayList2_6,4
IS17_ArrayList2_6,6
IS17_ArrayList2_6,7
IS17_ArrayList2_6,8
IS17_ArrayList2_6,9
IS17_ArrayList2_6,10
IS17_ArrayList2_6,11
IS17_ArrayList2_6,13
IS17_ArrayList2_6,14
IS17_ArrayList2_6,15
IS17_ArrayList2_6,16
IS17_ArrayList2_6,18
IS17_ArrayList2_6,19
IS17_ArrayList2_6,20
IS17_ArrayList2_6,22
IS17_ArrayList2_6,23
IS17_ArrayList2_7,1
IS17_ArrayList2_7,2
IS17_ArrayList2_7,3
IS17_ArrayList2_7,4
IS17_ArrayList2_7,5
IS17_ArrayList2_7,6
IS17_ArrayList2_7,7
IS17_ArrayList2_7,8
IS17_ArrayList2_7,9
IS17_ArrayList2_7,10
IS17_ArrayList2_7,11
IS17_ArrayList2_7,12
IS17_ArrayList2_7,13
IS17_ArrayList2_7,14
IS17_ArrayList2_7,15
IS17_ArrayList2_7,16
IS17_ArrayList2_7,17
IS17_ArrayList2_7,18
IS17_ArrayList2_7,19
IS17_ArrayList2_7,20
IS17_ArrayList2_7,21
IS17_ArrayList2_7,22
IS17_ArrayList2_7,23
IS17_ArrayList2_7,24
IS17_ArrayList2_7,25
IS17_ArrayList2_7,26
IS17_ArrayList3_2,1
IS17_ArrayList3_2,2
IS17_ArrayList3_2,3
IS17_ArrayList3_2,4
IS17_ArrayList3_2,6
IS17_ArrayList3_2,7
IS17_ArrayList3_2,8
IS17_ArrayList3_2,9
IS17_ArrayList3_2,11
IS17_ArrayList3_2,12
IS17_ArrayList3_2,14
IS17_ArrayList3_2,15
IS17_ArrayList3_3,1
IS17_ArrayList3_3,2
IS17_ArrayList3_3,4
IS17_ArrayList3_3,6
IS17_ArrayList3_3,7
IS17_ArrayList3_3,8
IS17_ArrayList3_3,9
IS17_ArrayList3_3,11
IS17_ArrayList3_3,12
IS17_ArrayList3_3,14
IS17_ArrayList3_3,15
IS17_ArrayList3_4,1
IS17_ArrayList3_4,2
IS17_ArrayList3_4,4
IS17_ArrayList3_4,6
IS17_ArrayList3_4,7
IS17_ArrayList3_4,8
IS17_ArrayList3_4,9
IS17_ArrayList3_4,11
IS17_ArrayList3_4,12
IS17_ArrayList3_4,14
IS17_ArrayList3_4,15
IS17_ArrayList3_5,1
IS17_ArrayList3_5,2
IS17_ArrayList3_5,3
IS17_ArrayList3_5,4
IS17_ArrayList3_5,6
IS17_ArrayList3_5,7
IS17_ArrayList3_5,8
IS17_ArrayList3_5,9
IS17_ArrayList3_5,11
IS17_ArrayList3_5,12
IS17_ArrayList3_5,14
IS17_ArrayList3_5,15
IS17_ArrayList3_5,16
IS17_ArrayList3_5,17
IS17_ArrayList3_5,18
IS17_ArrayList3_7,1
IS17_ArrayList3_7,2
IS17_ArrayList3_7,3
IS17_ArrayList3_7,4
IS17_ArrayList3_7,6
IS17_ArrayList3_7,7
IS17_ArrayList3_7,8
IS17_ArrayList3_7,9
IS17_ArrayList3_7,11
IS17_ArrayList3_7,12
IS17_ArrayList3_7,14
IS17_ArrayList3_7,15
IS17_ArrayList3_7,16
IS17_ArrayList3_7,17
IS17_ArrayList3_7,18
IS17_ArrayList3_8,1
IS17_ArrayList3_8,2
IS17_ArrayList3_8,3
IS17_ArrayList3_8,4
IS17_ArrayList3_8,6
IS17_ArrayList3_8,7
IS17_ArrayList3_8,8
IS17_ArrayList3_8,9
IS17_ArrayList3_8,11
IS17_ArrayList3_8,12
IS17_ArrayList3_8,14
IS17_ArrayList3_8,15
IS17_ArrayList3_8,16
IS17_ArrayList3_8,17
IS17_ArrayList3_8,18
IS17_eaxmple1,1
IS17_eaxmple1,2
IS17_eaxmple1,4
IS17_eaxmple1,7
IS17_eaxmple1,8
IS17_eaxmple1,12
IS17_eaxmple1,15
IS17_eaxmple1,25
IS17_eaxmple1,26
IS17_eaxmple1,27
IS17_eaxmple1,29
IS17_eaxmple1,30
IS17_inheritance1_1,1
IS17_inheritance1_1,2
IS17_inheritance1_1,3
IS17_inheritance1_1,4
IS17_inheritance1_1,5
IS17_inheritance1_1,7
IS17_inheritance1_1,8
IS17_inheritance1_1,9
IS17_inheritance1_1,10
IS17_inheritance1_1,12
IS17_inheritance1_1,13
IS17_inheritance1_1,15
IS17_inheritance1_1,16
IS17_inheritance1_1,17
IS17_inheritance1_1,19
IS17_inheritance1_1,20
IS17_inheritance1_1,21
IS17_inheritance1_1,22
IS17_inheritance1_1,24
IS17_inheritance1_1,25
IS17_inheritance1_1,26
IS17_inheritance1_1,27
IS17_inheritance1_1,28
IS17_inheritance1_1,29
IS17_inheritance1_1,30
IS17_inheritance1_1,31
IS17_inheritance1_1,32
IS17_inheritance1_1,33
IS17_inheritance1_2,1
IS17_inheritance1_2,2
IS17_inheritance1_2,3
IS17_inheritance1_2,4
IS17_inheritance1_2,7
IS17_inheritance1_2,8
IS17_inheritance1_2,12
IS17_inheritance1_2,13
IS17_inheritance1_2,15
IS17_inheritance1_2,16
IS17_inheritance1_2,19
IS17_inheritance1_2,20
IS17_inheritance1_2,24
IS17_inheritance1_2,25
IS17_inheritance1_2,26
IS17_inheritance1_2,27
IS17_inheritance1_2,28
IS17_inheritance1_2,29
IS17_inheritance1_2,30
IS17_inheritance1_2,33
IS17_inheritance1_3,1
IS17_inheritance1_3,2
IS17_inheritance1_3,3
IS17_inheritance1_3,4
IS17_inheritance1_3,7
IS17_inheritance1_3,8
IS17_inheritance1_3,12
IS17_inheritance1_3,13
IS17_inheritance1_3,15
IS17_inheritance1_3,16
IS17_inheritance1_3,19
IS17_inheritance1_3,20
IS17_inheritance1_3,24
IS17_inheritance1_3,26
IS17_inheritance1_3,27
IS17_inheritance1_3,28
IS17_inheritance1_3,29
IS17_inheritance1_3,30
IS17_inheritance1_4,1
IS17_inheritance1_4,2
IS17_inheritance1_4,3
IS17_inheritance1_4,4
IS17_inheritance1_4,5
IS17_inheritance1_4,6
IS17_inheritance1_4,7
IS17_inheritance1_4,8
IS17_inheritance1_4,9
IS17_inheritance1_4,10
IS17_inheritance1_4,11
IS17_inheritance1_4,12
IS17_inheritance1_4,13
IS17_inheritance1_4,14
IS17_inheritance1_4,15
IS17_inheritance1_4,16
IS17_inheritance1_4,17
IS17_inheritance1_4,18
IS17_inheritance1_4,19
IS17_inheritance1_4,20
IS17_inheritance1_4,21
IS17_inheritance1_4,22
IS17_inheritance1_4,23
IS17_inheritance1_4,24
IS17_inheritance1_4,25
IS17_inheritance1_4,26
IS17_inheritance1_4,27
IS17_inheritance1_4,28
IS17_inheritance1_4,29
IS17_inheritance1_4,30
IS17_inheritance1_4,31
IS17_inheritance1_4,32
IS17_inheritance1_4,33
IS17_inheritance1_5,1
IS17_inheritance1_5,2
IS17_inheritance1_5,3
IS17_inheritance1_5,4
IS17_inheritance1_5,6
IS17_inheritance1_5,7
IS17_inheritance1_5,8
IS17_inheritance1_5,9
IS17_inheritance1_5,11
IS17_inheritance1_5,12
IS17_inheritance1_5,14
IS17_inheritance1_5,15
IS17_inheritance1_5,16
IS17_inheritance1_5,18
IS17_inheritance1_5,19
IS17_inheritance1_5,20
IS17_inheritance1_5,21
IS17_inheritance1_5,23
IS17_inheritance1_5,24
IS17_inheritance1_5,25
IS17_inheritance1_5,26
IS17_inheritance1_5,27
IS17_inheritance1_5,28
IS17_inheritance1_5,29
IS17_inheritance1_5,30
IS17_inheritance1_5,31
IS17_inheritance1_5,32
IS17_inheritance1_7,1
IS17_inheritance1_7,2
IS17_inheritance1_7,3
IS17_inheritance1_7,4
IS17_inheritance1_7,5
IS17_inheritance1_7,7
IS17_inheritance1_7,8
IS17_inheritance1_7,9
IS17_inheritance1_7,10
IS17_inheritance1_7,12
IS17_inheritance1_7,13
IS17_inheritance1_7,15
IS17_inheritance1_7,16
IS17_inheritance1_7,17
IS17_inheritance1_7,19
IS17_inheritance1_7,20
IS17_inheritance1_7,21
IS17_inheritance1_7,22
IS17_inheritance1_7,24
IS17_inheritance1_7,25
IS17_inheritance1_7,26
IS17_inheritance1_7,27
IS17_inheritance1_7,28
IS17_inheritance1_7,29
IS17_inheritance1_7,30
IS17_inheritance1_7,31
IS17_inheritance1_7,32
IS17_inheritance1_7,33
IS17_inheritance2_1,1
IS17_inheritance2_1,2
IS17_inheritance2_1,3
IS17_inheritance2_1,4
IS17_inheritance2_1,5
IS17_inheritance2_1,6
IS17_inheritance2_1,7
IS17_inheritance2_1,8
IS17_inheritance2_1,9
IS17_inheritance2_1,10
IS17_inheritance2_1,11
IS17_inheritance2_1,12
IS17_inheritance2_1,13
IS17_inheritance2_1,14
IS17_inheritance2_1,15
IS17_inheritance2_1,16
IS17_inheritance2_1,17
IS17_inheritance2_1,18
IS17_inheritance2_1,19
IS17_inheritance2_1,20
IS17_inheritance2_1,21
IS17_inheritance2_1,22
IS17_inheritance2_1,23
IS17_inheritance2_1,24
IS17_inheritance2_1,25
IS17_inheritance2_1,26
IS17_inheritance2_1,27
IS17_inheritance2_1,28
IS17_inheritance2_1,29
IS17_inheritance2_1,30
IS17_inheritance2_1,31
IS17_inheritance2_1,32
IS17_inheritance2_1,33
IS17_inheritance2_1,34
IS17_inheritance2_2,1
IS17_inheritance2_2,2
IS17_inheritance2_2,3
IS17_inheritance2_2,4
IS17_inheritance2_2,5
IS17_inheritance2_2,7
IS17_inheritance2_2,8
IS17_inheritance2_2,9
IS17_inheritance2_2,10
IS17_inheritance2_2,12
IS17_inheritance2_2,13
IS17_inheritance2_2,17
IS17_inheritance2_2,18
IS17_inheritance2_2,19
IS17_inheritance2_2,21
IS17_inheritance2_2,22
IS17_inheritance2_2,23
IS17_inheritance2_2,25
IS17_inheritance2_2,26
IS17_inheritance2_2,27
IS17_inheritance2_2,28
IS17_inheritance2_2,29
IS17_inheritance2_2,30
IS17_inheritance2_2,31
IS17_inheritance2_3,1
IS17_inheritance2_3,2
IS17_inheritance2_3,3
IS17_inheritance2_3,4
IS17_inheritance2_3,5
IS17_inheritance2_3,6
IS17_inheritance2_3,7
IS17_inheritance2_3,8
IS17_inheritance2_3,9
IS17_inheritance2_3,10
IS17_inheritance2_3,11
IS17_inheritance2_3,12
IS17_inheritance2_3,13
IS17_inheritance2_3,14
IS17_inheritance2_3,15
IS17_inheritance2_3,17
IS17_inheritance2_3,18
IS17_inheritance2_3,19
IS17_inheritance2_3,20
IS17_inheritance2_3,21
IS17_inheritance2_3,22
IS17_inheritance2_3,23
IS17_inheritance2_3,24
IS17_inheritance2_3,25
IS17_inheritance2_3,26
IS17_inheritance2_3,27
IS17_inheritance2_3,28
IS17_inheritance2_3,29
IS17_inheritance2_3,30
IS17_inheritance2_3,31
IS17_inheritance2_3,32
IS17_inheritance2_3,33
IS17_inheritance2_4,1
IS17_inheritance2_4,2
IS17_inheritance2_4,3
IS17_inheritance2_4,4
IS17_inheritance2_4,5
IS17_inheritance2_4,7
IS17_inheritance2_4,8
IS17_inheritance2_4,9
IS17_inheritance2_4,10
IS17_inheritance2_4,11
IS17_inheritance2_4,12
IS17_inheritance2_4,13
IS17_inheritance2_4,14
IS17_inheritance2_4,15
IS17_inheritance2_4,17
IS17_inheritance2_4,18
IS17_inheritance2_4,19
IS17_inheritance2_4,21
IS17_inheritance2_4,22
IS17_inheritance2_4,23
IS17_inheritance2_4,24
IS17_inheritance2_4,25
IS17_inheritance2_4,26
IS17_inheritance2_4,27
IS17_inheritance2_4,28
IS17_inheritance2_4,29
IS17_inheritance2_4,30
IS17_inheritance2_4,31
IS17_inheritance2_4,32
IS17_inheritance2_4,33
IS17_inheritance2_4,34
IS17_inheritance2_5,2
IS17_inheritance2_5,3
IS17_inheritance2_5,4
IS17_inheritance2_5,5
IS17_inheritance2_5,7
IS17_inheritance2_5,8
IS17_inheritance2_5,9
IS17_inheritance2_5,10
IS17_inheritance2_5,12
IS17_inheritance2_5,13
IS17_inheritance2_5,17
IS17_inheritance2_5,18
IS17_inheritance2_5,19
IS17_inheritance2_5,21
IS17_inheritance2_5,22
IS17_inheritance2_5,23
IS17_inheritance2_5,26
IS17_inheritance2_5,27
IS17_inheritance2_5,28
IS17_inheritance2_5,29
IS17_inheritance2_5,30
IS17_inheritance2_5,31
IS17_inheritance2_6,1
IS17_inheritance2_6,2
IS17_inheritance2_6,3
IS17_inheritance2_6,4
IS17_inheritance2_6,5
IS17_inheritance2_6,7
IS17_inheritance2_6,8
IS17_inheritance2_6,9
IS17_inheritance2_6,10
IS17_inheritance2_6,12
IS17_inheritance2_6,13
IS17_inheritance2_6,17
IS17_inheritance2_6,18
IS17_inheritance2_6,19
IS17_inheritance2_6,21
IS17_inheritance2_6,22
IS17_inheritance2_6,23
IS17_inheritance2_6,25
IS17_inheritance2_6,26
IS17_inheritance2_6,27
IS17_inheritance2_6,28
IS17_inheritance2_6,29
IS17_inheritance2_6,30
IS17_inheritance2_6,31
IS17_inheritance2_7,1
IS17_inheritance2_7,2
IS17_inheritance2_7,3
IS17_inheritance2_7,4
IS17_inheritance2_7,5
IS17_inheritance2_7,6
IS17_inheritance2_7,7
IS17_inheritance2_7,8
IS17_inheritance2_7,9
IS17_inheritance2_7,10
IS17_inheritance2_7,11
IS17_inheritance2_7,12
IS17_inheritance2_7,13
IS17_inheritance2_7,14
IS17_inheritance2_7,15
IS17_inheritance2_7,16
IS17_inheritance2_7,17
IS17_inheritance2_7,18
IS17_inheritance2_7,19
IS17_inheritance2_7,20
IS17_inheritance2_7,21
IS17_inheritance2_7,22
IS17_inheritance2_7,23
IS17_inheritance2_7,24
IS17_inheritance2_7,25
IS17_inheritance2_7,26
IS17_inheritance2_7,27
IS17_inheritance2_7,28
IS17_inheritance2_7,29
IS17_inheritance2_7,30
IS17_inheritance2_7,31
IS17_inheritance2_7,32
IS17_inheritance2_7,33
IS17_inheritance2_7,34
IS17_inheritance3_2,1
IS17_inheritance3_2,2
IS17_inheritance3_2,3
IS17_inheritance3_2,7
IS17_inheritance3_2,8
IS17_inheritance3_2,9
IS17_inheritance3_2,13
IS17_inheritance3_2,14
IS17_inheritance3_2,15
IS17_inheritance3_2,19
IS17_inheritance3_2,20
IS17_inheritance3_2,21
IS17_inheritance3_2,22
IS17_inheritance3_2,23
IS17_inheritance3_2,27
IS17_inheritance3_2,28
IS17_inheritance3_2,29
IS17_inheritance3_2,30
IS17_inheritance3_2,31
IS17_inheritance3_2,33
IS17_inheritance3_2,34
IS17_inheritance3_2,35
IS17_inheritance3_3,1
IS17_inheritance3_3,2
IS17_inheritance3_3,3
IS17_inheritance3_3,7
IS17_inheritance3_3,8
IS17_inheritance3_3,9
IS17_inheritance3_3,13
IS17_inheritance3_3,14
IS17_inheritance3_3,15
IS17_inheritance3_3,19
IS17_inheritance3_3,20
IS17_inheritance3_3,21
IS17_inheritance3_3,22
IS17_inheritance3_3,23
IS17_inheritance3_3,29
IS17_inheritance3_3,30
IS17_inheritance3_3,31
IS17_inheritance3_3,33
IS17_inheritance3_3,34
IS17_inheritance3_3,35
IS17_inheritance3_4,1
IS17_inheritance3_4,2
IS17_inheritance3_4,3
IS17_inheritance3_4,7
IS17_inheritance3_4,8
IS17_inheritance3_4,9
IS17_inheritance3_4,13
IS17_inheritance3_4,14
IS17_inheritance3_4,15
IS17_inheritance3_4,19
IS17_inheritance3_4,20
IS17_inheritance3_4,21
IS17_inheritance3_4,22
IS17_inheritance3_4,23
IS17_inheritance3_4,27
IS17_inheritance3_4,29
IS17_inheritance3_4,30
IS17_inheritance3_4,31
IS17_inheritance3_4,33
IS17_inheritance3_4,34
IS17_inheritance3_4,35
IS17_inheritance3_5,1
IS17_inheritance3_5,2
IS17_inheritance3_5,3
IS17_inheritance3_5,4
IS17_inheritance3_5,5
IS17_inheritance3_5,7
IS17_inheritance3_5,8
IS17_inheritance3_5,9
IS17_inheritance3_5,10
IS17_inheritance3_5,11
IS17_inheritance3_5,13
IS17_inheritance3_5,14
IS17_inheritance3_5,15
IS17_inheritance3_5,16
IS17_inheritance3_5,17
IS17_inheritance3_5,19
IS17_inheritance3_5,21
IS17_inheritance3_5,22
IS17_inheritance3_5,23
IS17_inheritance3_5,25
IS17_inheritance3_5,27
IS17_inheritance3_5,28
IS17_inheritance3_5,29
IS17_inheritance3_5,30
IS17_inheritance3_5,31
IS17_inheritance3_5,33
IS17_inheritance3_5,34
IS17_inheritance3_5,35
IS17_inheritance3_5,36
IS17_inheritance3_5,37
IS17_inheritance3_5,38
IS17_inheritance3_7,1
IS17_inheritance3_7,2
IS17_inheritance3_7,3
IS17_inheritance3_7,4
IS17_inheritance3_7,5
IS17_inheritance3_7,6
IS17_inheritance3_7,7
IS17_inheritance3_7,8
IS17_inheritance3_7,9
IS17_inheritance3_7,10
IS17_inheritance3_7,11
IS17_inheritance3_7,12
IS17_inheritance3_7,13
IS17_inheritance3_7,14
IS17_inheritance3_7,15
IS17_inheritance3_7,16
IS17_inheritance3_7,17
IS17_inheritance3_7,18
IS17_inheritance3_7,19
IS17_inheritance3_7,20
IS17_inheritance3_7,21
IS17_inheritance3_7,22
IS17_inheritance3_7,23
IS17_inheritance3_7,24
IS17_inheritance3_7,25
IS17_inheritance3_7,26
IS17_inheritance3_7,27
IS17_inheritance3_7,28
IS17_inheritance3_7,29
IS17_inheritance3_7,30
IS17_inheritance3_7,31
IS17_inheritance3_7,32
IS17_inheritance3_7,33
IS17_inheritance3_7,34
IS17_inheritance3_7,35
IS17_inheritance3_7,36
IS17_inheritance3_7,37
IS17_inheritance3_7,38
IS17_inheritance3_8,1
IS17_inheritance3_8,2
IS17_inheritance3_8,3
IS17_inheritance3_8,4
IS17_inheritance3_8,5
IS17_inheritance3_8,7
IS17_inheritance3_8,8
IS17_inheritance3_8,9
IS17_inheritance3_8,10
IS17_inheritance3_8,11
IS17_inheritance3_8,13
IS17_inheritance3_8,14
IS17_inheritance3_8,15
IS17_inheritance3_8,16
IS17_inheritance3_8,17
IS17_inheritance3_8,19
IS17_inheritance3_8,20
IS17_inheritance3_8,21
IS17_inheritance3_8,22
IS17_inheritance3_8,23
IS17_inheritance3_8,24
IS17_inheritance3_8,25
IS17_inheritance3_8,27
IS17_inheritance3_8,28
IS17_inheritance3_8,29
IS17_inheritance3_8,30
IS17_inheritance3_8,31
IS17_inheritance3_8,33
IS17_inheritance3_8,34
IS17_inheritance3_8,35
IS17_inheritance3_8,36
IS17_inheritance3_8,37
IS17_inheritance3_8,38
IS17_interface1_1,1
IS17_interface1_1,2
IS17_interface1_1,3
IS17_interface1_1,5
IS17_interface1_1,6
IS17_interface1_1,7
IS17_interface1_1,8
IS17_interface1_1,9
IS17_interface1_1,11
IS17_interface1_1,12
IS17_interface1_1,13
IS17_interface1_1,14
IS17_interface1_1,15
IS17_interface1_1,17
IS17_interface1_1,18
IS17_interface1_1,19
IS17_interface1_1,20
IS17_interface1_1,21
IS17_interface1_1,22
IS17_interface1_1,23
IS17_interface1_1,25
IS17_interface1_1,26
IS17_interface1_1,27
IS17_interface1_1,28
IS17_interface1_1,29
IS17_interface1_1,30
IS17_interface1_2,1
IS17_interface1_2,2
IS17_interface1_2,5
IS17_interface1_2,6
IS17_interface1_2,7
IS17_interface1_2,11
IS17_interface1_2,12
IS17_interface1_2,13
IS17_interface1_2,17
IS17_interface1_2,18
IS17_interface1_2,19
IS17_interface1_2,20
IS17_interface1_2,21
IS17_interface1_2,22
IS17_interface1_2,25
IS17_interface1_2,26
IS17_interface1_3,1
IS17_interface1_3,5
IS17_interface1_3,6
IS17_interface1_3,7
IS17_interface1_3,11
IS17_interface1_3,12
IS17_interface1_3,13
IS17_interface1_3,17
IS17_interface1_3,18
IS17_interface1_3,19
IS17_interface1_3,20
IS17_interface1_3,21
IS17_interface1_3,22
IS17_interface1_3,25
IS17_interface1_3,26
IS17_interface1_4,1
IS17_interface1_4,2
IS17_interface1_4,3
IS17_interface1_4,4
IS17_interface1_4,5
IS17_interface1_4,6
IS17_interface1_4,7
IS17_interface1_4,8
IS17_interface1_4,9
IS17_interface1_4,10
IS17_interface1_4,11
IS17_interface1_4,12
IS17_interface1_4,13
IS17_interface1_4,14
IS17_interface1_4,15
IS17_interface1_4,16
IS17_interface1_4,17
IS17_interface1_4,18
IS17_interface1_4,19
IS17_interface1_4,20
IS17_interface1_4,21
IS17_interface1_4,22
IS17_interface1_4,23
IS17_interface1_4,24
IS17_interface1_4,25
IS17_interface1_4,26
IS17_interface1_4,27
IS17_interface1_4,28
IS17_interface1_4,29
IS17_interface1_4,30
IS17_interface1_5,1
IS17_interface1_5,2
IS17_interface1_5,4
IS17_interface1_5,5
IS17_interface1_5,6
IS17_interface1_5,7
IS17_interface1_5,8
IS17_interface1_5,10
IS17_interface1_5,11
IS17_interface1_5,12
IS17_interface1_5,13
IS17_interface1_5,14
IS17_interface1_5,16
IS17_interface1_5,17
IS17_interface1_5,18
IS17_interface1_5,19
IS17_interface1_5,20
IS17_interface1_5,21
IS17_interface1_5,22
IS17_interface1_5,24
IS17_interface1_5,25
IS17_interface1_5,26
IS17_interface1_5,27
IS17_interface1_5,28
IS17_interface1_5,29
IS17_interface1_7,1
IS17_interface1_7,2
IS17_interface1_7,3
IS17_interface1_7,5
IS17_interface1_7,6
IS17_interface1_7,7
IS17_interface1_7,8
IS17_interface1_7,9
IS17_interface1_7,11
IS17_interface1_7,12
IS17_interface1_7,13
IS17_interface1_7,14
IS17_interface1_7,15
IS17_interface1_7,17
IS17_interface1_7,18
IS17_interface1_7,19
IS17_interface1_7,20
IS17_interface1_7,21
IS17_interface1_7,22
IS17_interface1_7,23
IS17_interface1_7,25
IS17_interface1_7,26
IS17_interface1_7,27
IS17_interface1_7,28
IS17_interface1_7,30
IS17_interface2_1,1
IS17_interface2_1,2
IS17_interface2_1,3
IS17_interface2_1,4
IS17_interface2_1,5
IS17_interface2_1,6
IS17_interface2_1,7
IS17_interface2_1,8
IS17_interface2_1,9
IS17_interface2_1,10
IS17_interface2_1,11
IS17_interface2_1,12
IS17_interface2_1,13
IS17_interface2_1,14
IS17_interface2_1,15
IS17_interface2_1,16
IS17_interface2_1,17
IS17_interface2_1,18
IS17_interface2_1,19
IS17_interface2_1,20
IS17_interface2_1,21
IS17_interface2_1,22
IS17_interface2_1,23
IS17_interface2_1,24
IS17_interface2_1,25
IS17_interface2_1,26
IS17_interface2_1,27
IS17_interface2_1,28
IS17_interface2_1,29
IS17_interface2_1,30
IS17_interface2_1,31
IS17_interface2_1,32
IS17_interface2_1,33
IS17_interface2_1,34
IS17_interface2_1,35
IS17_interface2_1,36
IS17_interface2_1,37
IS17_interface2_1,38
IS17_interface2_2,1
IS17_interface2_2,2
IS17_interface2_2,3
IS17_interface2_2,6
IS17_interface2_2,7
IS17_interface2_2,8
IS17_interface2_2,9
IS17_interface2_2,10
IS17_interface2_2,11
IS17_interface2_2,14
IS17_interface2_2,15
IS17_interface2_2,20
IS17_interface2_2,21
IS17_interface2_2,22
IS17_interface2_2,23
IS17_interface2_2,25
IS17_interface2_2,26
IS17_interface2_2,30
IS17_interface2_2,31
IS17_interface2_2,32
IS17_interface2_2,33
IS17_interface2_2,34
IS17_interface2_3,1
IS17_interface2_3,2
IS17_interface2_3,3
IS17_interface2_3,4
IS17_interface2_3,6
IS17_interface2_3,7
IS17_interface2_3,8
IS17_interface2_3,9
IS17_interface2_3,10
IS17_interface2_3,11
IS17_interface2_3,12
IS17_interface2_3,14
IS17_interface2_3,15
IS17_interface2_3,16
IS17_interface2_3,18
IS17_interface2_3,20
IS17_interface2_3,21
IS17_interface2_3,22
IS17_interface2_3,23
IS17_interface2_3,24
IS17_interface2_3,25
IS17_interface2_3,26
IS17_interface2_3,27
IS17_interface2_3,28
IS17_interface2_3,30
IS17_interface2_3,31
IS17_interface2_3,32
IS17_interface2_3,33
IS17_interface2_3,34
IS17_interface2_3,35
IS17_interface2_3,36
IS17_interface2_3,37
IS17_interface2_4,1
IS17_interface2_4,2
IS17_interface2_4,3
IS17_interface2_4,6
IS17_interface2_4,7
IS17_interface2_4,8
IS17_interface2_4,9
IS17_interface2_4,10
IS17_interface2_4,11
IS17_interface2_4,14
IS17_interface2_4,15
IS17_interface2_4,18
IS17_interface2_4,20
IS17_interface2_4,21
IS17_interface2_4,22
IS17_interface2_4,23
IS17_interface2_4,25
IS17_interface2_4,26
IS17_interface2_4,28
IS17_interface2_4,30
IS17_interface2_4,31
IS17_interface2_4,32
IS17_interface2_4,33
IS17_interface2_4,34
IS17_interface2_4,35
IS17_interface2_4,36
IS17_interface2_4,37
IS17_interface2_5,1
IS17_interface2_5,2
IS17_interface2_5,3
IS17_interface2_5,6
IS17_interface2_5,7
IS17_interface2_5,8
IS17_interface2_5,9
IS17_interface2_5,10
IS17_interface2_5,11
IS17_interface2_5,14
IS17_interface2_5,15
IS17_interface2_5,20
IS17_interface2_5,21
IS17_interface2_5,22
IS17_interface2_5,23
IS17_interface2_5,25
IS17_interface2_5,26
IS17_interface2_5,32
IS17_interface2_5,33
IS17_interface2_5,34
IS17_interface2_6,1
IS17_interface2_6,2
IS17_interface2_6,3
IS17_interface2_6,6
IS17_interface2_6,7
IS17_interface2_6,8
IS17_interface2_6,9
IS17_interface2_6,10
IS17_interface2_6,11
IS17_interface2_6,14
IS17_interface2_6,15
IS17_interface2_6,20
IS17_interface2_6,21
IS17_interface2_6,22
IS17_interface2_6,23
IS17_interface2_6,25
IS17_interface2_6,26
IS17_interface2_6,30
IS17_interface2_6,31
IS17_interface2_6,32
IS17_interface2_6,33
IS17_interface2_6,34
IS17_interface2_7,1
IS17_interface2_7,2
IS17_interface2_7,3
IS17_interface2_7,4
IS17_interface2_7,5
IS17_interface2_7,6
IS17_interface2_7,7
IS17_interface2_7,8
IS17_interface2_7,9
IS17_interface2_7,10
IS17_interface2_7,11
IS17_interface2_7,12
IS17_interface2_7,13
IS17_interface2_7,14
IS17_interface2_7,15
IS17_interface2_7,16
IS17_interface2_7,17
IS17_interface2_7,18
IS17_interface2_7,19
IS17_interface2_7,20
IS17_interface2_7,21
IS17_interface2_7,22
IS17_interface2_7,23
IS17_interface2_7,24
IS17_interface2_7,25
IS17_interface2_7,26
IS17_interface2_7,27
IS17_interface2_7,28
IS17_interface2_7,29
IS17_interface2_7,30
IS17_interface2_7,31
IS17_interface2_7,32
IS17_interface2_7,33
IS17_interface2_7,34
IS17_interface2_7,35
IS17_interface2_7,36
IS17_interface2_7,37
IS17_interface2_7,38
IS17_interface3_2,1
IS17_interface3_2,2
IS17_interface3_2,6
IS17_interface3_2,7
IS17_interface3_2,11
IS17_interface3_2,12
IS17_interface3_2,13
IS17_interface3_2,14
IS17_interface3_2,15
IS17_interface3_2,16
IS17_interface3_2,18
IS17_interface3_2,19
IS17_interface3_2,20
IS17_interface3_2,21
IS17_interface3_2,22
IS17_interface3_2,24
IS17_interface3_2,25
IS17_interface3_2,26
IS17_interface3_2,27
IS17_interface3_2,28
IS17_interface3_2,29
IS17_interface3_2,30
IS17_interface3_2,34
IS17_interface3_2,36
IS17_interface3_2,37
IS17_interface3_2,39
IS17_interface3_2,41
IS17_interface3_2,42
IS17_interface3_2,44
IS17_interface3_2,45
IS17_interface3_2,49
IS17_interface3_2,51
IS17_interface3_2,53
IS17_interface3_2,55
IS17_interface3_2,57
IS17_interface3_2,59
IS17_interface3_2,61
IS17_interface3_3,1
IS17_interface3_3,2
IS17_interface3_3,6
IS17_interface3_3,7
IS17_interface3_3,11
IS17_interface3_3,12
IS17_interface3_3,13
IS17_interface3_3,14
IS17_interface3_3,15
IS17_interface3_3,16
IS17_interface3_3,18
IS17_interface3_3,19
IS17_interface3_3,20
IS17_interface3_3,21
IS17_interface3_3,22
IS17_interface3_3,24
IS17_interface3_3,25
IS17_interface3_3,26
IS17_interface3_3,27
IS17_interface3_3,28
IS17_interface3_3,29
IS17_interface3_3,30
IS17_interface3_3,34
IS17_interface3_3,36
IS17_interface3_3,37
IS17_interface3_3,39
IS17_interface3_3,41
IS17_interface3_3,42
IS17_interface3_3,44
IS17_interface3_3,45
IS17_interface3_3,49
IS17_interface3_3,51
IS17_interface3_3,53
IS17_interface3_3,55
IS17_interface3_3,57
IS17_interface3_3,59
IS17_interface3_3,61
IS17_interface3_4,1
IS17_interface3_4,2
IS17_interface3_4,6
IS17_interface3_4,7
IS17_interface3_4,11
IS17_interface3_4,13
IS17_interface3_4,14
IS17_interface3_4,15
IS17_interface3_4,16
IS17_interface3_4,19
IS17_interface3_4,20
IS17_interface3_4,21
IS17_interface3_4,22
IS17_interface3_4,25
IS17_interface3_4,26
IS17_interface3_4,27
IS17_interface3_4,28
IS17_interface3_4,29
IS17_interface3_4,30
IS17_interface3_4,34
IS17_interface3_4,36
IS17_interface3_4,37
IS17_interface3_4,39
IS17_interface3_4,41
IS17_interface3_4,42
IS17_interface3_4,44
IS17_interface3_4,45
IS17_interface3_4,51
IS17_interface3_4,53
IS17_interface3_4,55
IS17_interface3_4,57
IS17_interface3_4,59
IS17_interface3_4,61
IS17_interface3_5,1
IS17_interface3_5,2
IS17_interface3_5,3
IS17_interface3_5,6
IS17_interface3_5,7
IS17_interface3_5,8
IS17_interface3_5,11
IS17_interface3_5,12
IS17_interface3_5,13
IS17_interface3_5,14
IS17_interface3_5,15
IS17_interface3_5,16
IS17_interface3_5,17
IS17_interface3_5,18
IS17_interface3_5,19
IS17_interface3_5,20
IS17_interface3_5,21
IS17_interface3_5,22
IS17_interface3_5,23
IS17_interface3_5,24
IS17_interface3_5,25
IS17_interface3_5,26
IS17_interface3_5,27
IS17_interface3_5,28
IS17_interface3_5,29
IS17_interface3_5,30
IS17_interface3_5,31
IS17_interface3_5,32
IS17_interface3_5,34
IS17_interface3_5,36
IS17_interface3_5,37
IS17_interface3_5,41
IS17_interface3_5,42
IS17_interface3_5,43
IS17_interface3_5,44
IS17_interface3_5,45
IS17_interface3_5,46
IS17_interface3_5,49
IS17_interface3_5,51
IS17_interface3_5,53
IS17_interface3_5,55
IS17_interface3_5,57
IS17_interface3_5,59
IS17_interface3_5,61
IS17_interface3_5,63
IS17_interface3_5,64
IS17_interface3_5,65
IS17_interface3_7,1
IS17_interface3_7,2
IS17_interface3_7,3
IS17_interface3_7,4
IS17_interface3_7,5
IS17_interface3_7,6
IS17_interface3_7,7
IS17_interface3_7,8
IS17_interface3_7,9
IS17_interface3_7,10
IS17_interface3_7,11
IS17_interface3_7,12
IS17_interface3_7,13
IS17_interface3_7,14
IS17_interface3_7,15
IS17_interface3_7,16
IS17_interface3_7,17
IS17_interface3_7,18
IS17_interface3_7,19
IS17_interface3_7,20
IS17_interface3_7,21
IS17_interface3_7,22
IS17_interface3_7,23
IS17_interface3_7,24
IS17_interface3_7,25
IS17_interface3_7,26
IS17_interface3_7,27
IS17_interface3_7,28
IS17_interface3_7,29
IS17_interface3_7,30
IS17_interface3_7,31
IS17_interface3_7,32
IS17_interface3_7,33
IS17_interface3_7,34
IS17_interface3_7,36
IS17_interface3_7,37
IS17_interface3_7,39
IS17_interface3_7,41
IS17_interface3_7,42
IS17_interface3_7,43
IS17_interface3_7,44
IS17_interface3_7,45
IS17_interface3_7,46
IS17_interface3_7,49
IS17_interface3_7,51
IS17_interface3_7,53
IS17_interface3_7,55
IS17_interface3_7,57
IS17_interface3_7,59
IS17_interface3_7,61
IS17_interface3_7,63
IS17_interface3_7,64
IS17_interface3_7,65
IS17_interface3_8,1
IS17_interface3_8,2
IS17_interface3_8,3
IS17_interface3_8,6
IS17_interface3_8,7
IS17_interface3_8,8
IS17_interface3_8,11
IS17_interface3_8,12
IS17_interface3_8,13
IS17_interface3_8,14
IS17_interface3_8,15
IS17_interface3_8,16
IS17_interface3_8,17
IS17_interface3_8,18
IS17_interface3_8,19
IS17_interface3_8,20
IS17_interface3_8,21
IS17_interface3_8,22
IS17_interface3_8,23
IS17_interface3_8,24
IS17_interface3_8,25
IS17_interface3_8,26
IS17_interface3_8,27
IS17_interface3_8,28
IS17_interface3_8,29
IS17_interface3_8,30
IS17_interface3_8,31
IS17_interface3_8,32
IS17_interface3_8,34
IS17_interface3_8,36
IS17_interface3_8,37
IS17_interface3_8,39
IS17_interface3_8,41
IS17_interface3_8,42
IS17_interface3_8,43
IS17_interface3_8,44
IS17_interface3_8,45
IS17_interface3_8,46
IS17_interface3_8,49
IS17_interface3_8,51
IS17_interface3_8,53
IS17_interface3_8,55
IS17_interface3_8,57
IS17_interface3_8,59
IS17_interface3_8,61
IS17_interface3_8,63
IS17_interface3_8,64
IS17_interface3_8,65
JavaTutorial_4_1_3,4
JavaTutorial_4_1_3,6
JavaTutorial_4_1_3,8
JavaTutorial_4_1_3,9
JavaTutorial_4_1_3,10
JavaTutorial_4_1_3,11
JavaTutorial_4_1_5,4
JavaTutorial_4_1_5,7
JavaTutorial_4_1_5,9
JavaTutorial_4_1_8,5
JavaTutorial_4_2_2,9
JavaTutorial_4_2_2,10
JavaTutorial_4_2_5,4
JavaTutorial_4_2_5,6
JavaTutorial_4_2_6,8
JavaTutorial_4_2_7,5
JavaTutorial_4_2_7,7
JavaTutorial_4_2_7,12
JavaTutorial_4_2_8,8
JavaTutorial_4_2_9,8
JavaTutorial_4_3_2,5
JavaTutorial_4_3_2,6
JavaTutorial_4_3_2,8
JavaTutorial_4_3_2,15
JavaTutorial_4_3_4,7
JavaTutorial_4_3_4,9
JavaTutorial_4_3_4,10
JavaTutorial_4_3_4,11
JavaTutorial_4_3_4,12
JavaTutorial_4_3_4,14
JavaTutorial_4_3_5,8
JavaTutorial_4_3_5,12
JavaTutorial_4_3_6,2
JavaTutorial_4_3_6,4
JavaTutorial_4_3_6,5
JavaTutorial_4_4_2,7
JavaTutorial_4_4_2,12
JavaTutorial_4_4_2,11
JavaTutorial_4_4_3,4
JavaTutorial_4_4_3,5
JavaTutorial_4_6_12,6
JavaTutorial_4_6_12,7
JavaTutorial_4_6_12,9
JavaTutorial_4_6_12,10
JavaTutorial_4_6_14,3
JavaTutorial_4_6_14,4
JavaTutorial_4_6_14,7
JavaTutorial_4_6_14,13
JavaTutorial_4_6_14,14
JavaTutorial_4_6_14,17
JavaTutorial_4_6_5,4
JavaTutorial_4_6_5,6
JavaTutorial_4_6_6,6
JavaTutorial_4_6_6,7
JavaTutorial_4_6_7,3
JavaTutorial_4_6_8,3
JavaTutorial_4_6_8,4
JavaTutorial_4_6_9,7
JavaTutorial_4_6_9,8
JavaTutorial_4_7_2,5
JavaTutorial_4_7_2,7
JavaTutorial_4_7_4,6
JavaTutorial_4_7_4,14
JavaTutorial_4_7_4,16
JavaTutorial_4_7_5,5
JavaTutorial_4_7_5,7
JavaTutorial_4_7_5,9
JavaTutorial_4_7_6,4
JavaTutorial_4_7_7,4
JavaTutorial_4_7_7,5
JavaTutorial_4_7_7,6
JavaTutorial_4_7_7,7
JavaTutorial_4_7_7,8
JavaTutorial_4_7_7,9
JavaTutorial_4_7_7,11
JavaTutorial_4_7_8,5
JavaTutorial_4_7_8,7
JavaTutorial_4_7_8,8
jeg_interface1,1
jeg_interface1,2
jeg_interface1,5
jeg_interface1,12
jeg_interface1,14
jeg_interface1,16
jeg_interface1,17
jeg_interface1_v2,1
jeg_interface1_v2,2
jeg_interface1_v2,5
jeg_interface1_v2,12
jeg_interface1_v2,14
jeg_interface1_v2,16
jeg_interface1_v2,17
key_demo,7
key_demo,21
key_demo,32
key_demo,39
key_demo,52
key_demo,56
label_test,14
label_test,18
label_test,19
label_test,20
label_test,24
label_test,25
lines_rects_ovals,21
lines_rects_ovals,24
lines_rects_ovals,25
lines_rects_ovals,32
lines_rects_ovals,36
lines_rects_ovals,37
line_count.c,5
line_count.c,8
line_count.c,10
line_count.c,11
line_count.c,12
line_count.c,13
line_count.c,14
list_test,31
list_test,32
list_test,36
list_test,40
list_test,43
list_test,45
list_test,48
logical_operators,3
logical_operators,6
logical_operators_v2,1
logical_operators_v2,4
longestline.c,5
longestline.c,6
longestline.c,7
longestline.c,15
longestline.c,16
longestline.c,17
longestline.c,18
longestline.c,19
longestline.c,20
longestline.c,22
longestline.c,24
longestline.c,26
longestline.c,29
longestline.c,30
longestline.c,31
longestline.c,32
longestline.c,35
longestline.c,36
longestline.c,37
longestline.c,38
longestline.c,40
longestline.c,41
longestline.c,42
longestline.c,44
loop1,1
loop1,2
loop1,5
loop2,1
loop2,2
loop2,3
loop2,7
loop2,8
loop2,9
loop2,11
loop2,13
loop2,14
loop2,16
loop2,17
loop2,19
loop2,20
loop2,21
loop2,23
loop2,24
loop2,27
loop2,29
loop2,31
loop2,33
loop2,34
loop3,1
loop3,2
loop5,1
loop5,3
loop5,5
loop5,7
loop5,9
loop5,11
loop5,12
loop5,13
loop5,15
loop5,16
MathFunction,1
MathFunction,2
MathFunction_v2,5
MathFunction_v2,6
MathFunction_v2,7
MathFunction_v2,9
MathFunction_v2,8
MathFunction_v2,13
MathFunction_v2,14
MathFunction_v2,15
max1.c,11
max1.c,12
max1.c,14
max1.c,16
max1.c,17
max1.c,18
max1.c,19
max1.c,20
max2.c,11
max2.c,12
max2.c,14
max2.c,15
max2.c,16
max2.c,18
max3.c,11
max3.c,12
max3.c,14
max3.c,16
max3.c,17
max3.c,18
max3.c,20
max3.c,22
max3.c,23
max3.c,25
maxloop.c,4
maxloop.c,7
maxloop.c,11
maxloop.c,14
maxloop.c,15
maxloop.c,17
maxloop.c,18
maxloop.c,19
maxloop.c,21
maxloop.c,23
Measure,1
Measure,2
Measure,8
Measure,16
Measure,20
Measure,25
Measure,31
Measure,36
Measure,39
Measure,40
Measure,41
Measure,43
MethodDemo,1
MethodDemo,6
MethodDemo,7
MethodDemo,13
MethodDemo,16
metrics,20
metrics,28
mr66,1
multi_selection,19
multi_selection,22
multi_selection,23
multi_selection,24
multi_selection,26
multi_selection,27
multi_selection,37
multi_selection,41
multi_selection,48
nested_loops2_v2,5
nested_loops2_v2,6
nested_loops2_v2,7
nested_loops2_v2,8
nested_loops2_v2,9
nested_loops2_v2,10
nested_loops_v2,5
nested_loops_v2,6
nested_loops_v2,7
nested_loops_v2,8
nested_loops_v2,9
nested_loops_v2,10
nicer_f2c_table.c,8
nicer_f2c_table.c,9
nicer_f2c_table.c,10
nicer_f2c_table.c,11
nicer_f2c_table.c,14
nicer_f2c_table.c,16
nicer_f2c_table.c,17
nicer_f2c_table.c,18
nicer_f2c_table.c,19
nicer_f2c_table.c,20
nicer_f2c_table.c,21
nicer_f2c_table.c,22
nicer_f2c_table.c,24
nondigits.c,1
nondigits.c,6
nondigits.c,10
nondigits.c,11
ObjectEquality,7
ObjectEquality,8
ObjectEquality,6
one_dim_arrays,6
one_dim_arrays,9
OpenFileDialog,1
OpenFileDialog,2
OpenFileDialog,4
OpenFileDialog,5
OpenFileDialog,6
OpenFileDialog,7
OpenFileDialog,8
OpenFileDialog,9
OpenFileDialog,11
OperatorExample,3
OperatorExample_v2,3
OperatorExample_v2,4
OperatorExample_v2,5
override,7
override,8
override_v2,7
override_v2,8
OverridingObjectMethods,6
OverridingObjectMethods,16
OverridingObjectMethods,19
OverridingObjectMethods,26
OverridingObjectMethods,27
OverridingObjectMethods,28
OverridingObjectMethods,29
OverridingObjectMethods,30
p1test,1
p1test,2
p1test,3
package_v2,1
palindrome.c,7
palindrome.c,8
palindrome.c,11
palindrome.c,13
palindrome.c,22
palindrome.c,23
palindrome.c,26
palindrome.c,27
palindrome.c,28
palindrome.c,29
palindrome.c,31
palindrome.c,32
palindrome.c,34
palindrome.c,40
palindrome.c,43
palindrome.c,45
panel_demo,8
panel_demo,16
panel_demo,24
panel_demo,27
parampass.c,7
parampass.c,10
parampass.c,11
parampass.c,14
parampass.c,15
parampass.c,23
parampass.c,24
parampass.c,29
parampass.c,32
parampass.c,33
parampass.c,38
parampass.c,40
parampass.c,41
patternsearch.c,5
patternsearch.c,6
patternsearch.c,7
patternsearch.c,8
patternsearch.c,13
patternsearch.c,14
patternsearch.c,15
patternsearch.c,16
patternsearch.c,17
patternsearch.c,18
patternsearch.c,20
patternsearch.c,22
patternsearch.c,25
patternsearch.c,26
patternsearch.c,27
patternsearch.c,28
patternsearch.c,30
patternsearch.c,31
patternsearch.c,32
patternsearch.c,33
patternsearch.c,35
patternsearch.c,37
patternsearch.c,38
patternsearch.c,39
patternsearch.c,40
patternsearch.c,41
patternsearch.c,42
patternsearch.c,44
patternsearch.c,45
Point,8
Point_v2,1
Point_v2,2
Point_v2,3
Point_v2,5
Point_v2,6
Point_v2,7
Point_v2,8
Point_v2,9
poly_v2,7
poly_v2,8
poly_v2,12
poly_v2,19
poly_v2,20
poly_v2,23
poly_v2,24
poly_v2,25
poly_v2,21
poly_v2,22
post_request_example,9
post_request_example,11
post_request_example,14
post_request_example,15
post_request_example,16
post_request_example,17
post_request_example,18
post_request_example,19
post_request_example,20
post_request_example,21
post_request_example,22
post_request_example,23
post_request_example,24
post_request_example2,21
post_request_example2,22
post_servlet,2
post_servlet,9
post_servlet,10
post_servlet,14
post_servlet,19
post_servlet,42
post_servlet,43
post_servlet,72
post_servlet,76
post_servlet_htm,8
post_servlet_htm,11
post_servlet_htm,15
post_servlet_htm,16
post_servlet_htm,17
power.c,8
power.c,14
power.c,15
power.c,16
power.c,17
power.c,22
power.c,23
power.c,26
power.c,27
power.c,28
PrimitiveDataTypes,1
PrimitiveDataTypes,2
PrimitiveDataTypes,3
PrimitiveDataTypes,4
PrimitiveDataTypes,5
PrimitiveDataTypes,6
PrimitiveDataTypes,7
PrimitiveDataTypes,8
PrimitiveDataTypes_v2,5
PrimitiveDataTypes_v2,6
PrimitiveDataTypes_v2,7
PrimitiveDataTypes_v2,8
PrimitiveDataTypes_v2,9
PrimitiveDataTypes_v2,10
PrimitiveDataTypes_v2,11
PrimitiveDataTypes_v2,12
printback.c,12
printback.c,22
printback.c,23
printback.c,27
printback.c,29
printback.c,30
printback.c,33
printback.c,34
printback.c,35
printback.c,36
printback.c,39
printback.c,42
printback.c,44
printback.c,45
printing.c,1
printing.c,5
printing.c,6
printing.c,7
printing.c,8
printing1.c,1
printing1.c,2
printing1.c,3
printing1.c,4
printing1.c,5
printing1.c,6
printing1.c,7
printing1.c,8
printing1.c,9
printing2.c,6
printing2.c,7
printing2.c,8
printing2.c,9
printing_py,1
printing_py,3
printing_py,4
printing_py,5
printing_py,6
PrintTester,5
PrintTester,8
PrintTester,10
PrintTester,11
ProcSQLDataReader,1
ProcSQLDataReader,3
ProcSQLDataReader,4
ProcSQLDataReader,5
ProcSQLDataReader,6
ProcSQLDataReader,7
ProcSQLDataReader,9
ProcSQLDataReader,10
ProcSQLDataReader,12
ProcSQLDataReader,13
ProcSQLDataReader,14
ProcSQLDataReader,15
ProcSQLDataReader,16
ProcSQLDataReader,17
ProcSQLDataReader,18
ProcSQLDataReader,19
ProcSQLDataReader,20
pyt1.1,1
pyt1.2,1
pyt1.2,2
pyt1.2,3
pyt1.2,4
pyt1.3,1
pyt1.3,2
pyt1.3,3
pyt1.3,4
pyt1.3,6
pyt1.4,1
pyt1.4,2
pyt1.5,1
pyt1.5,2
pyt1.5,3
pyt1.5,4
pyt1.5,6
pyt1.6,1
pyt1.6,3
pyt1.7,1
pyt1.7,2
pyt1.7,4
pyt1.8,1
pyt1.8,3
pyt1.9,1
pyt1.9,3
pyt10.1,3
pyt10.1,4
pyt10.1,6
pyt10.1,7
pyt10.1,8
pyt10.1,9
pyt10.1,10
pyt10.1,11
pyt10.10,3
pyt10.10,4
pyt10.10,5
pyt10.10,6
pyt10.11,3
pyt10.12,3
pyt10.13,1
pyt10.13,3
pyt10.13,4
pyt10.13,6
pyt10.14,1
pyt10.14,3
pyt10.14,5
pyt10.14,6
pyt10.14,7
pyt10.15,1
pyt10.15,3
pyt10.15,4
pyt10.15,5
pyt10.15,7
pyt10.15,8
pyt10.16,1
pyt10.16,2
pyt10.16,3
pyt10.16,4
pyt10.16,5
pyt10.16,6
pyt10.16,7
pyt10.16,9
pyt10.16,10
pyt10.16,13
pyt10.16,14
pyt10.16,15
pyt10.17,1
pyt10.17,2
pyt10.17,3
pyt10.17,4
pyt10.17,5
pyt10.17,6
pyt10.17,7
pyt10.17,8
pyt10.17,9
pyt10.17,10
pyt10.17,11
pyt10.17,12
pyt10.17,14
pyt10.17,15
pyt10.17,16
pyt10.18,1
pyt10.18,2
pyt10.18,3
pyt10.18,6
pyt10.18,9
pyt10.18,10
pyt10.18,12
pyt10.18,15
pyt10.18,22
pyt10.18,23
pyt10.18,24
pyt10.18,25
pyt10.18,26
pyt10.19,1
pyt10.19,2
pyt10.19,3
pyt10.19,5
pyt10.19,6
pyt10.19,7
pyt10.19,8
pyt10.19,10
pyt10.2,1
pyt10.2,3
pyt10.2,5
pyt10.2,6
pyt10.2,7
pyt10.2,8
pyt10.2,9
pyt10.2,10
pyt10.2,11
pyt10.2,12
pyt10.2,13
pyt10.2,14
pyt10.2,15
pyt10.20,1
pyt10.20,2
pyt10.20,3
pyt10.20,4
pyt10.20,5
pyt10.20,7
pyt10.21,1
pyt10.21,2
pyt10.21,4
pyt10.21,5
pyt10.21,6
pyt10.21,8
pyt10.22,1
pyt10.22,2
pyt10.22,3
pyt10.22,4
pyt10.22,6
pyt10.22,7
pyt10.22,8
pyt10.22,9
pyt10.22,11
pyt10.23,1
pyt10.23,2
pyt10.23,3
pyt10.23,4
pyt10.23,6
pyt10.23,8
pyt10.24,1
pyt10.24,2
pyt10.24,3
pyt10.24,6
pyt10.24,7
pyt10.24,10
pyt10.24,11
pyt10.24,12
pyt10.24,13
pyt10.3,1
pyt10.3,2
pyt10.3,4
pyt10.3,7
pyt10.3,10
pyt10.3,13
pyt10.4,2
pyt10.4,4
pyt10.4,5
pyt10.4,6
pyt10.4,7
pyt10.4,8
pyt10.4,10
pyt10.4,13
pyt10.4,14
pyt10.4,15
pyt10.4,16
pyt10.5,1
pyt10.5,3
pyt10.5,7
pyt10.6,1
pyt10.6,3
pyt10.6,5
pyt10.6,7
pyt10.7,1
pyt10.7,2
pyt10.7,4
pyt10.7,6
pyt10.7,7
pyt10.7,9
pyt10.7,11
pyt10.7,14
pyt10.7,15
pyt10.7,16
pyt10.7,17
pyt10.8,3
pyt10.8,4
pyt10.8,5
pyt10.8,7
pyt10.8,9
pyt10.9,1
pyt10.9,2
pyt10.9,3
pyt10.9,5
pyt2.1,4
pyt2.1,5
pyt2.1,6
pyt2.1,7
pyt2.1,8
pyt2.1,9
pyt2.1,10
pyt2.2,4
pyt2.2,5
pyt2.2,6
pyt2.2,7
pyt2.2,8
pyt2.2,9
pyt2.3,4
pyt2.3,5
pyt2.3,6
pyt2.3,7
pyt2.3,8
pyt2.3,9
pyt2.3,10
pyt2.4,4
pyt2.4,5
pyt2.4,6
pyt2.4,7
pyt2.4,8
pyt2.4,9
pyt2.5,4
pyt2.5,5
pyt2.6,1
pyt2.6,2
pyt2.6,4
pyt2.6,5
pyt2.6,6
pyt2.6,7
pyt2.6,8
pyt2.6,9
pyt2.6,10
pyt3.1,1
pyt3.1,3
pyt3.1,4
pyt3.10,1
pyt3.10,3
pyt3.10,4
pyt3.10,5
pyt3.10,6
pyt3.10,7
pyt3.10,9
pyt3.10,11
pyt3.11,1
pyt3.11,3
pyt3.11,4
pyt3.2,3
pyt3.2,4
pyt3.2,6
pyt3.3,4
pyt3.3,5
pyt3.3,6
pyt3.3,8
pyt3.3,10
pyt3.4,3
pyt3.5,1
pyt3.5,3
pyt3.5,4
pyt3.6,1
pyt3.6,3
pyt3.6,5
pyt3.6,6
pyt3.6,7
pyt3.6,8
pyt3.7,1
pyt3.7,3
pyt3.7,4
pyt3.7,5
pyt3.7,6
pyt3.7,7
pyt3.7,8
pyt3.7,9
pyt3.8,1
pyt3.8,3
pyt3.8,4
pyt3.8,6
pyt3.8,8
pyt3.8,10
pyt3.8,12
pyt3.8,13
pyt3.8,14
pyt3.8,16
pyt4.1,3
pyt4.1,5
pyt4.10,1
pyt4.10,2
pyt4.10,3
pyt4.10,4
pyt4.11,1
pyt4.11,2
pyt4.11,3
pyt4.11,5
pyt4.13,3
pyt4.2,3
pyt4.3,3
pyt4.3,5
pyt4.4,1
pyt4.4,2
pyt4.4,3
pyt4.5,1
pyt4.5,2
pyt4.5,3
pyt4.6,1
pyt4.6,2
pyt4.6,3
pyt4.7,1
pyt4.7,3
pyt4.7,4
pyt4.7,5
pyt4.8,1
pyt4.8,3
pyt4.8,4
pyt4.8,5
pyt4.8,6
pyt4.8,7
pyt4.8,8
pyt4.9,1
pyt4.9,2
pyt4.9,3
pyt4.9,4
pyt5.1,1
pyt5.1,2
pyt5.2,1
pyt5.2,2
pyt5.2,4
pyt6.1,1
pyt6.1,2
pyt6.2,3
pyt6.2,4
pyt6.2,5
pyt6.3,3
pyt6.4,1
pyt7.1,1
pyt7.1,2
pyt7.1,3
pyt7.2,3
pyt7.2,4
pyt7.3,3
pyt7.4,3
pyt7.5,3
pyt7.5,4
pyt7.6,4
pyt8.1,1
pyt8.1,2
pyt8.1,3
pyt8.2,3
pyt8.2,4
pyt8.2_version_2,3
pyt8.2_version_2,4
pyt8.3,4
pyt9.1,1
pyt9.2,1
pyt9.2,3
pyt9.2,4
pyt9.3,3
pytt10.23,1
pytt10.23,2
pytt10.23,3
pytt10.23,4
pytt10.23,6
pytt10.23,8
pytt10.23,9
pytt10.23,10
pytt10.24,1
pytt10.24,2
pytt10.24,3
pytt10.24,4
pytt10.24,6
pytt10.24,8
pytt10.24,9
pytt10.24,10
pytt10.25,1
pytt10.25,2
pytt10.25,5
pytt10.25,6
pytt10.25,7
pytt10.25,8
pytt10.25,9
pytt10.25,10
pytt10.25,11
pytt2.1,1
pytt2.1,2
pytt2.1,3
pytt2.1,4
pytt2.1,5
pytt2.1,6
pytt2.1,7
pytt2.1,8
pytt2.1,9
pytt2.1,10
pytt2.1,11
pytt2.1,12
pytt2.2,1
pytt2.2,2
pytt2.2,4
pytt2.2,5
pytt2.2,6
pytt2.2,7
pytt2.3,1
pytt2.3,2
pytt2.3,3
pytt2.3,5
pytt2.3,6
pytt3.1,1
pytt3.1,2
pytt3.1,4
pytt3.1,5
pytt3.1,6
pytt3.1,8
pytt3.2,3
pytt3.2,4
pytt3.2,5
pytt3.2,7
pytt3.2,9
pytt3.2,10
pytt3.2,12
pytt3.2,13
pytt3.2,15
pytt3.2,16
pytt3.2,17
pytt3.3,1
pytt3.3,2
pytt3.3,3
pytt3.3,5
pytt3.3,7
pytt4.1,3
pytt4.1,4
pytt4.1,6
pytt4.1,7
pytt4.1,8
pytt4.1,10
pytt4.2,3
pytt4.2,4
pytt4.2,6
pytt4.2,7
pytt4.2,8
pytt4.2,9
pytt4.2,11
pytt4.3,1
pytt4.3,2
pytt4.3,3
pytt4.3,5
pytt4.3,6
pytt4.3,7
pytt4.3,8
pytt4.3,9
pytt4.4,3
pytt4.4,4
pytt4.4,5
pytt4.4,6
pytt4.4,8
pytt4.4,9
pytt4.4,10
pytt4.4,11
pytt4.4,12
pytt4.4,14
pytt4.5,3
pytt4.5,4
pytt4.5,5
pytt4.5,7
pytt4.5,8
pytt4.5,9
pytt4.5,10
pytt4.5,12
pytt4.5,13
pytt4.5,15
pytt4.6,3
pytt4.6,4
pytt4.6,5
pytt4.6,7
pytt4.6,8
pytt4.6,9
pytt4.6,10
pytt4.6,11
pytt4.6,12
pytt4.6,13
pytt4.6,14
pytt4.6,16
pytt4.7,3
pytt4.7,4
pytt4.7,5
pytt4.7,6
pytt4.7,8
pytt5.1,1
pytt5.1,2
pytt5.1,3
pytt5.1,4
pytt5.1,5
pytt5.1,6
pytt5.1,7
pytt5.1,8
pytt5.1,9
pytt5.1,10
pytt5.2,1
pytt5.2,4
pytt5.2,5
pytt5.2,6
pytt5.2,7
pytt5.2,10
pytt5.2,11
pytt5.2,12
pytt5.2,13
pytt5.2,14
pytt7.1,1
pytt7.1,2
pytt7.1,3
pytt7.1,4
pytt7.1,5
pytt7.1,7
pytt7.2,1
pytt7.2,2
pytt7.2,4
pytt7.2,6
pytt7.2,7
pytt8.1,1
pytt8.1,2
pytt8.1,3
pytt8.1,4
pytt8.1,5
pytt8.2,1
pytt8.2,2
pytt8.2,3
pytt8.2,4
pytt8.2,5
pytt8.2,7
pytt8.2,9
py_1,1
py_1.2,1
py_1.2,2
py_1.2,3
py_1.2,4
py_1.3,1
py_1.3,2
py_1.3,3
py_1.3,4
qpa.c,7
qpa.c,13
qpa.c,16
qpa.c,18
qpa.c,21
qpa.c,22
qpa.c,23
qpa.c,24
qpa.c,25
qpa.c,26
qpa_and.c,5
qpa_and.c,9
qpa_and.c,10
qpa_and.c,19
qpa_and.c,21
qpa_and.c,24
qpa_and.c,25
qpa_and.c,26
qpa_and.c,27
qpa_or.c,1
qpa_or.c,2
qpa_or.c,3
qpa_or.c,4
qpa_or.c,5
qpa_or.c,9
qpa_or.c,10
qpa_or.c,18
qpa_or.c,19
qpa_or.c,20
qpa_or.c,21
qpa_or.c,24
qpa_or.c,25
qpa_or.c,26
qpa_or.c,27
radiobutton_test,18
radiobutton_test,22
radiobutton_test,25
radiobutton_test,26
radiobutton_test,35
radiobutton_test,36
radiobutton_test,42
radiobutton_test,43
radiobutton_test,73
radiobutton_test,76
radiobutton_test,85
rate2.c,18
rate2.c,20
rate2.c,22
rate2.c,23
rate2.c,24
rate2.c,25
rate2.c,26
rate2.c,27
rate2.c,30
rate2.c,31
rate3.c,15
rate3.c,18
rate3.c,20
rate3.c,21
rate3.c,23
rate3.c,25
rate3.c,27
rate3.c,30
rdf1,1
recfactorial.c,5
recfactorial.c,7
recfactorial.c,11
recfactorial.c,12
recfactorial.c,13
recfactorial.c,15
recfactorial.c,16
recfactorial.c,17
recfactorial.c,19
recfactorial.c,20
recfactorial.c,21
recfactorial.c,23
recpower.c,9
recpower.c,14
recpower.c,15
recpower.c,17
recpower.c,18
recpower.c,21
recpower.c,22
recpower.c,23
recpower.c,24
recpower.c,25
Rectangle,9
Rectangle,35
Rectangle_v2,2
Rectangle_v2,3
Rectangle_v2,5
Rectangle_v2,6
Rectangle_v2,7
Rectangle_v2,9
Rectangle_v2,12
Rectangle_v2,17
Rectangle_v2,22
Rectangle_v2,26
Rectangle_v2,27
relational_operators,5
relational_operators,6
relational_operators,7
relational_operators_v2,6
relational_operators_v2,7
relational_operators_v2,8
SaveDataGrid,1
SaveDataGrid,2
SaveDataGrid,3
SaveDataGrid,4
SaveDataGrid,5
SaveDataGrid,6
SaveDataGrid,7
SaveDataGrid,9
SaveDataGrid,10
SaveDataGrid,11
SaveDataGrid,13
SaveDataGrid,15
SaveDataGrid,16
SaveDataGrid,17
SaveDataGrid,18
SaveDataGrid,19
SaveDataGrid,21
SaveDataGrid,22
SaveDataGrid,23
SavingDBData,1
SavingDBData,4
SavingDBData,5
SavingDBData,7
SavingDBData,9
SavingDBData,10
SavingDBData,11
SavingDBData,12
SavingDBData,14
SavingDBData,15
SavingDBData,16
SavingDBData,21
SavingDBData,23
SavingDBData,24
SavingDBData,25
SavingDBData,26
SavingDBData,28
SavingDBData,33
SavingDBData,38
SavingDBData,43
SavingDBData,48
SavingDBData,53
SavingDBData,54
SavingDBData,56
SavingDBData,58
SavingDBData,66
SavingDBData,67
SelectCase,1
SelectCase,2
SelectCase,3
SelectCase,4
SelectCase,5
SelectCase,6
SelectCase,7
SelectCase,8
SelectCase,9
SelectCase,10
session_example,23
session_example,26
session_example,52
session_example,58
session_example,75
show_color2,16
show_color2,25
show_color2,31
show_color2,32
show_colors,16
show_colors,19
show_colors,20
show_colors,37
simple,1
simple,2
simple,3
simple,5
simple,7
simple,9
simple,11
simple,12
simple,17
simple,21
simple,22
simple_inheritance_1,1
simple_inheritance_1,13
simple_inheritance_1,19
simple_inheritance_1,20
simple_inheritance_1,21
simple_inheritance_1,22
sorting,1
sorting,2
sorting,3
sorting,4
sorting,5
sorting,6
sorting,7
sorting,8
sorting,9
sorting,10
sorting,11
sorting,12
sorting,13
sorting,14
sorting,15
sorting,16
sorting,17
sorting,18
sorting,19
sorting,20
sorting,21
sorting,22
sorting,23
sorting,24
sorting,26
sorting,28
sorting,29
sorting,30
sorting,31
SQLDataReader,1
SQLDataReader,2
SQLDataReader,4
SQLDataReader,5
SQLDataReader,7
SQLDataReader,8
SQLDataReader,10
SQLDataReader,11
SQLDataReader,12
SQLDataReader,17
SQLDataReader,18
SQLDataReader,19
SQLDataReader,20
SQLDataReader,22
SQLDataReader,23
SQLDataReader,24
SQLDataReader,25
SQLDataReader,26
SQLDataReader,27
starchart.c,1
starchart.c,5
starchart.c,8
starchart.c,10
starchart.c,11
starchart.c,13
starchart.c,14
starchart.c,15
starchart.c,16
starchart.c,19
starchart.c,20
starchart.c,21
starchart.c,22
starchart.c,23
starchart.c,24
starchart.c,26
starchart.c,27
static_method_v2,5
static_method_v2,6
static_method_v2,9
str2int.c,9
str2int.c,10
str2int.c,13
str2int.c,15
str2int.c,16
str2int.c,21
str2int.c,26
str2int.c,27
str2int.c,28
str2int.c,33
str2int.c,37
str2int.c,38
str2int.c,39
str2int.c,43
str2int.c,44
strcomp.c,2
strcomp.c,9
strcomp.c,33
strcomp.c,36
stringEquals,9
stringEquals,10
stringEquals,12
stringEquals,13
StringExample,3
StringExample,5
StringExample_v2,4
StringExample_v2,5
StringExample_v2,6
StringExample_v2,8
StringExample_v2,9
StringExample_v2,10
StringsCharAt,6
StringsCharAt,7
StringsConcatenation,6
StringsConcatenation,7
StringsEqualsIgnoreCase,8
StringsEqualsIgnoreCase,9
StringsEqualsIgnoreCase,11
StringsEqualsIgnoreCase,12
StringsParse,4
StringsParse,5
StringsParse,6
StringsParse,7
StringsReplace,9
StringsReplace,10
StringsReplace,6
StringsReplace,7
string_comparison,4
string_comparison_v2,10
string_comparison_v2,15
string_comparison_v2,11
string_comparison_v2,13
string_comparison_v2,14
string_length,1
string_length,5
string_length_v2,5
string_length_v2,6
string_length_v2,7
substring,2
substring_v2,6
substring_v2,16
sumarfunc.c,2
sumarfunc.c,3
sumarfunc.c,4
sumarfunc.c,6
sumarfunc.c,9
sumarfunc.c,14
sumarfunc.c,18
sumarfunc.c,19
sumarfunc.c,20
sumarfunc.c,22
switch1,7
switch1,8
switch1,9
switch1,10
switch1,11
switch1,12
switch1,14
switch1,15
switch1,18
switch1,21
switch1,22
switch1,23
switch1,24
switch1,25
switch1,27
switch1,28
switch1,29
switch1,30
switch1,32
switch1,33
switch1,34
switch1,35
switch1,37
switch1,38
switch1,39
switch1,40
switch1,42
switch1,43
switch1,44
switch1,45
switch1,47
switch1,48
switch1,49
switch1,50
switch1,52
switch1,53
switch1,54
switch1,55
switch1,59
switch1,60
switch1,61
switch1,62
switch1,63
switch1,64
switch1,65
switchdemo2,19
switchdemo2,25
switchdemo2,33
switch_v2,5
switch_v2,6
switch_v2,7
switch_v2,8
switch_v2,9
TableAlteration1,1
TableAlteration1,2
TableAlteration2,1
TableAlteration2,2
TableCreation1,1
TableCreation1,2
TableCreation1,3
TableCreation1,4
TableCreation1,5
TableCreation1,6
TableCreation2,1
TableCreation2,2
TableCreation2,3
TableCreation2,4
TableCreation2,5
TableCreation3,1
TableCreation3,3
TableCreation3,4
TableCreation3,5
TableCreation3,6
TableCreation3,2
TableCreation4,1
TableCreation4,2
TableCreation4,5
TableCreation4,6
TableCreation4,7
TableCreation4,8
TableCreation4,9
TableCreation5,1
TableCreation5,2
TableCreation5,3
TableCreation5,4
TableCreation5,5
TableCreation5,6
TableCreation5,7
TableCreation5,8
TableCreation5,9
TableCreation5,11
TableCreation6,1
TableCreation6,7
TableCreation7,1
TableCreation7,7
TableCreation7,8
TableCreation7,9
TableCreation7,10
TableCreation7,12
TableCreation8,1
TableCreation8,2
TableCreation8,3
TableCreation8,4
TableCreation8,5
TableCreation8,7
TableCreation9,1
TableCreation9,2
TableDrop1,1
temp_for,1
temp_for,3
temp_for,4
temp_for,5
temp_for,7
temp_for,8
temp_for,10
temp_for2,1
temp_for2,2
temp_for2,3
temp_for2,4
temp_for2,5
temp_for2,6
temp_for2,8
temp_for2,9
temp_for2,10
temp_for2,12
temp_for2,13
temp_for2,14
temp_for2,15
temp_for2,16
temp_for2,17
temp_for2,18
testC,1
testExample,1
testNull,5
testNull,6
testNull,7
testrdf,3
testRDF2,1
textarea_demo,8
textarea_demo,15
textarea_demo,23
textarea_demo,24
textarea_demo,31
textarea_demo,32
textarea_demo,33
textarea_demo,34
textarea_demo,35
textarea_demo,39
textfield_test,15
textfield_test,19
textfield_test,20
textfield_test,23
textfield_test,24
textfield_test,28
textfield_test,29
textfield_test,33
textfield_test,36
textfield_test,66
textfield_test,67
textfield_test,69
textfield_test,73
textfield_test,74
textfield_test,76
thisReference,1
thisReference,5
thisReference,7
thisReference,12
thisReference,15
thisReference,17
thisReference,20
thisReference,22
thisReference,25
thisReference,27
ThumbDatabase,1
ThumbDatabase,2
ThumbDatabase,4
ThumbDatabase,6
ThumbDatabase,7
ThumbDatabase,8
ThumbDatabase,9
ThumbDatabase,10
ThumbDatabase,12
ThumbDatabase,13
ThumbDatabase,15
ThumbDatabase,16
TicTacToe,1
TicTacToe,7
TicTacToe,10
TicTacToe,15
TicTacToe,21
TypeCasting,4
TypeCasting,2
TypeCasting,3
TypeCasting_v2,6
TypeCasting_v2,7
TypeCasting_v2,8
URLParam,1
URLParam,2
URLParam,3
URLParam,4
URLParam,6
URLParam,8
URLParam,9
URLParam,10
URLParam,11
URLParam,12
URLParam,13
URLParam,14
URLParam,15
URLParam,16
URLParam,17
URLParam,18
use_2darray,3
use_2darray,4
use_2darray_v2,3
use_2darray_v2,4
use_array,1
use_array,3
use_array_v2,5
use_array_v2,8
use_array_v2,7
using_array,2
using_array_v2,7
VariableDemo,5
VariableDemo,9
VariableDemo,14
VariableDemo,18
variables.c,5
variables.c,7
variables.c,8
variables.c,10
variables.c,12
variables.c,14
variables1,1
variables1,2
variables1,3
variables1_v2,5
variables1_v2,6
variables1_v2,7
variables2,1
variables2,2
variables2,3
variables2,4
variables2_v2,5
variables2_v2,6
variables2_v2,7
variables2_v2,8
vvvv,3
wc.c,9
wc.c,10
wc.c,17
wc.c,19
wc.c,20
wc.c,21
wc.c,22
wc.c,23
wc.c,24
wc.c,25
wc.c,26
wc.c,27
wc.c,28
web_xml_example,1
web_xml_example,8
web_xml_example,14
web_xml_example,15
web_xml_example,16
web_xml_example,18
web_xml_example,19
web_xml_example,20
welcome_applet,1
welcome_applet,3
welcome_applet,4
welcome_applet,6
welcome_applet,7
welcome_applet,8
welcome_applet,9
welcome_applet,11
welcome_applet2,3
welcome_applet2,4
welcome_applet2,6
welcome_applet2,7
welcome_applet2,9
welcome_applet2,10
welcome_lines,9
welcome_lines,10
while_counter,10
while_counter,12
while_counter,15
while_counter,16
while_counter,19
while_counter,20
while_v2,4
while_v2,5
while_v2,6
while_v2,7
while_v2_719,4
while_v2_719,5
while_v2_719,6
while_v2_719,7
wrapper_class,4
wrapper_class,5
wrapper_class,8
wrapper_class_v2,1
wrapper_class_v2,2
wrapper_class_v2,4
wrapper_class_v2,5
wrapper_class_v2,6
wrapper_class_v2,8
wrapper_class_v2,9
wrapper_class_v2,10
yearday.c,7
yearday.c,8
yearday.c,9
yearday.c,12
yearday.c,23
yearday.c,24
yearday.c,28
yearday.c,30
yearday.c,37
yearday.c,38
yearday.c,40
