content_name,content_type
variables1_v2,example
variables2_v2,example
HelloWorld2_v2,example
CreateObjectDemo_v2,example
Rectangle_v2,example
Bicycle_v2,example
Point_v2,example
PrimitiveDataTypes_v2,example
TypeCasting_v2,example
Constants_v2,example
constant_v2,example
arithmetic_v2,example
increment_v2,example
MathFunction_v2,example
OperatorExample_v2,example
CreateString_v2,example
substring_v2,example
string_length_v2,example
Decision_If_v2,example
ifelse2_v2,example
string_comparison_v2,example
logical_operators_v2,example
boolean_declaration_v2,example
boolean_expression_v2,example
boolean_operators_v2,example
while_v2,example
do_while_v2,example
for1_v2,example
nested_loops_v2,example
nested_loops2_v2,example
array_declaration_v2,example
using_array_v2,example
use_array_v2,example
arraylist1_v2,example
arraylist2_v2,example
wrapper_class_v2,example
create_2d_array_v2,example
use_2darray_v2,example
jeg_interface1_v2,example
imple_multi_v2,example
inheritance1_v2,example
override_v2,example
TableCreation1,example
TableCreation2,example
TableCreation3,example
TableCreation4,example
TableDrop1,example
TableAlteration1,example
TableAlteration2,example
DataInsertion1,example
DataDeletion1,example
DataSelection1,example
DataSelection2,example
DataSelection3,example
DataSelection4,example
DataSelection5,example
DataSelection6,example
DataSelection7,example
DataSelection8,example
DataSelection9,example
DataSelection10,example
DataSelecton11,example
TableCreation5,example
TableCreation6,example
TableCreation7,example
DataInsertion2,example
DataInsertion3,example
DataInsertion4,example
DataUpdate1,example
DataUpdate2,example
DataUpdate3,example
DataUpdate4,example
DataUpdate5,example
DataDeletion2,example
DataDeletion3,example
DataSelection12,example
DataSelection13,example
DataSelection14,example
DataSelection15,example
DataSelection16,example
DataSelection17,example
DataSelection18,example
DataSelection19,example
DataSelection20,example
DataSelection21,example
DataSelection22,example
DataSelection23,example
DataSelection24,example
DataSelection25,example
DataSelection26,example
DataSelection27,example
DataSelection28,example
DataSelection29,example
DataSelection30,example
DataSelection31,example
DataSelection32,example
DataSelection33,example
DataSelection34,example
DataSelection35,example
DataSelection36,example
DataSelection37,example
DataSelection38,example
TableCreation8,example
DataSelection40,example
DataSelection41,example
TableCreation9,example
comparison_operators_v2,example
conditional_operators_v2,example
decisions1_v2,example
exception_v2,example
JavaTutorial_4_1_3,example
JavaTutorial_4_1_5,example
JavaTutorial_4_2_2,example
JavaTutorial_4_2_5,example
JavaTutorial_4_2_6,example
JavaTutorial_4_2_7,example
JavaTutorial_4_2_8,example
JavaTutorial_4_2_9,example
JavaTutorial_4_3_2,example
JavaTutorial_4_3_4,example
JavaTutorial_4_3_5,example
JavaTutorial_4_3_6,example
JavaTutorial_4_4_2,example
JavaTutorial_4_4_3,example
JavaTutorial_4_6_12,example
JavaTutorial_4_6_14,example
JavaTutorial_4_6_5,example
JavaTutorial_4_6_6,example
JavaTutorial_4_6_7,example
JavaTutorial_4_6_8,example
JavaTutorial_4_6_9,example
JavaTutorial_4_7_2,example
JavaTutorial_4_7_4,example
JavaTutorial_4_7_5,example
JavaTutorial_4_7_6,example
JavaTutorial_4_7_7,example
JavaTutorial_4_7_8,example
relational_operators_v2,example
StringExample_v2,example
switch_v2,example
poly_v2,example
inheritance_casting_1,example
inheritance_polymorphism_1,example
inheritance_polymorphism_2,example
inheritance_constructors_1,example
simple_inheritance_1,example
HelloPrinter,example
VariableDemo,example
PrintTester,example
Decrement,example
CompoundAssignment,example
StringsCharAt,example
StringsReplace,example
StringsParse,example
StringsConcatenation,example
ObjectEquality,example
testNull,example
stringEquals,example
MethodDemo,example
ConstructorDemo,example
AccessorMutatorDemo,example
CopyDemo,example
CounterDemo,example
BankAccountTester,example
CashRegisterTester,example
thisReference,example
EnhancedForLoopDemo,example
ArrayListTester,example
GradeBook,example
Bank,example
TicTacToe,example
OverridingObjectMethods,example
Measure,example
InterfacePolymorphism,example
interfaceClassConversion,example
StringsEqualsIgnoreCase,example
CashRegisterConstantField,example
c_ch2_simple_cout,example
c_ch2_multiline_cout,example
c_ch2_n,example
c_ch2_using_variables,example
c_ch2_change_variable,example
c_ch2_variable_types,example
c_ch2_float_double,example
c_ch2_char_variables,example
c_ch2_char_ascii,example
c_ch2_string_variables,example
c_ch2_boolean_variables,example
c_ch2_var_size,example
c_ch2_initialize_variable,example
c_ch2_all_variables,example
c_ch2_vars_operations,example
ae_BJ4_ch01_s05_HelloPrinter,animated_example
ae_BJ4_ch01_s05_PrintTester,animated_example
ae_BJ4_ch02_s03_VariableDemo,animated_example
ae_BJ4_ch02_s05_MethodDemo,animated_example
ae_BJ4_ch02_s06_ConstructorDemo,animated_example
ae_BJ4_ch02_s07_AccessorMutatorDemo,animated_example
ae_BJ4_ch02_s09_MoveTester,animated_example
ae_BJ4_ch02_s10_CopyDemo,animated_example
ae_BJ4_ch03_s01_CounterDemo,animated_example
ae_BJ4_ch03_s06_BankAccountTester,animated_example
ae_BJ4_ch03_s06_CashRegisterTester,animated_example
ae_JavaTutorial_4_1_3,animated_example
ae_arithmetic_v2,animated_example
ae_StringExample_v2,animated_example
ae_JavaTutorial_4_2_7,animated_example
ae_decisions1_v2,animated_example
ae_relational_operators_v2,animated_example
ae_comparison_operators_v2,animated_example
ae_while_v2,animated_example
ae_do_while_v2,animated_example
ae_JavaTutorial_4_6_6,animated_example
fig02_01.c,example
fig02_03.c,example
fig02_04.c,example
fig02_05.c,example
fig02_13.c,example
fig03_06.c,example
fig03_08.c,example
fig03_10.c,example
fig03_13.c,example
fig04_01.c,example
fig04_02.c,example
"fig04_05.c ",example
fig04_06.c,example
fig04_07.c,example
fig04_09.c,example
fig04_11.c,example
fig04_12.c,example
fig05_03.c,example
fig05_04.c,example
fig05_07.c,example
fig05_08.c,example
fig05_09.c,example
fig05_10.c,example
fig05_12.c,example
fig05_14.c,example
fig05_15.c,example
fig06_03.c,example
fig06_04.c,example
fig06_05.c,example
fig06_06.c,example
fig06_07.c,example
fig06_08.c,example
fig06_09.c,example
fig06_10.c,example
fig06_11.c,example
fig06_12.c,example
fig06_13.c,example
fig06_14.c,example
fig06_15.c,example
fig06_16.c,example
fig06_18.c,example
fig06_19.c,example
fig06_21.c,example
fig06_22.c,example
fig07_04.c,example
fig07_06.c,example
fig07_07.c,example
fig07_10.c,example
fig07_11.c,example
fig07_12.c,example
fig07_13.c,example
fig07_14.c,example
fig07_15.c,example
fig07_16.c,example
fig07_17.c,example
fig07_20.cpp,example
fig07_21.c,example
fig07_24.c,example
fig07_26.c,example
fig07_28.c,example
binary_expressions,example
precedence_expression,example
precedence_expr,example
complex_expr,example
incdec_oper,example
compound_assign,example
casting_num,example
1stprogram,example
printf,example
input_print,example
decimal_value,example
avg_score,example
CH3_printf,example
CH3_printf2,example
CH3_printf3,example
"Calculate_profit ",example
Coin_Values,example
IncDec,example
If,example
while_structure,example
Sentinel_value,example
Sales,example
Payroll,example
Cwhile_counter,example
Whileloop,example
ForLoop,example
ForLoop2,example
ForStatement,example
Usage,example
WhileStatement,example
BreakStatement,example
Continue,example
SwitchStatement,example
SwitchStatement2,example
IF2,example
Rand,example
Srand,example
rand_function,example
defined_function,example
multiple_return,example
assign_return,example
do_switch_function,example
defined_function2,example
no_argument_func,example
call_by_value,example
call_by_reference,example
call_by_reference2,example
block_scope,example
recursion,example
cal_Functions.c,example
cal_Main.c,example
one_dim_arrays,example
char_array,example
static_arrays,example
using_arrays,example
encryption,example
using_const,example
2d_arrrays,example
bubblesort,example
sortalgorithm,example
insertsort,example
bubblesortalgo,example
callbyvalue,example
callbyref,example
addopt,example
pointernot,example
arraysub,example
pointerarr,example
pointerarr2,example
arrayaddress,example
arraypointers,example
nonconstant,example
nonconstpointer,example
conpointer,example
constpointer,example
bubblesortpf,example
printaddress,example
charref,example
copystring,example
pointersseq,example
readfrfile,example
char_func1,example
atof_atoi_atol,example
strtod,example
gets_puts,example
getchar(),example
strcy_strncpy,example
strcat_strncat,example
strcmp_strncmp,example
strlen,example
search_func,example
strtok,example
upper_lower_case,example
string_to_int,example
string_compare,example
tokenize1,example
search_occur,example
word_count,example
find_string,example
ascii_char,example
defined_func1,example
defined_func2,example
string_lib_func1,example
fgetc_fputc,example
check_file,example
check_file2,example
count_occur,example
pointer_seq_file,example
pointer_seq_file2,example
create_seq_file,example
read_seq_file,example
update_credit_prog,example
pass_file,example
structs1,example
rand_access_file,example
write_info_rand_file,example
helloworld.c,example
printing.c,example
printing1.c,example
printing2.c,example
calculating1.c,example
calculating2.c,example
variables.c,example
exchange_kiosk.c,example
better_kiosk.c,example
capital.c,example
fahr_input.c,example
countdown1.c,example
countdown2.c,example
capitalyears.c,example
factorial.c,example
f2c_table.c,example
nicer_f2c_table.c,example
accumulator.c,example
apples_kids.c,example
capitaltable.c,example
max2.c,example
max1.c,example
rate2.c,example
maxloop.c,example
max3.c,example
count_char.c,example
char_codes.c,example
line_count.c,example
better_copycat.c,example
copycat.c,example
arraysum.c,example
arraymax.c,example
arraymin.c,example
babyweighting.c,example
digcount.c,example
sumarfunc.c,example
power.c,example
starchart.c,example
longestline.c,example
patternsearch.c,example
str2int.c,example
goodswap.c,example
strcomp.c,example
battleship.c,example
yearday.c,example
printback.c,example
betterbattle.c,example
recfactorial.c,example
recpower.c,example
insummax.c,example
parampass.c,example
palindrome.c,example
qpa.c,example
rate3.c,example
encrypt.c,example
qpa_or.c,example
qpa_and.c,example
av_line_while.c,example
av_line_for.c,example
f2c_for.c,example
abcounting.c,example
abcounting_case.c,example
wc.c,example
nondigits.c,example
arrayio.c,example
arrayiofor.c,example
IfElse_Structure,example
testprivate,example
ae_nested_loops_v2,animated_example
ae_use_array_v2,animated_example
ae_JavaTutorial_4_7_5,animated_example
ae_JavaTutorial_4_7_8,animated_example
ae_EnhancedForLoopDemo,animated_example
ae_use_2darray_v2,animated_example
ae_arraylist2_v2,animated_example
ae_JavaTutorial_4_7_4,animated_example
ae_simple_inheritance_1,animated_example
ae_inheritance_polymorphism_1,animated_example
ae_jeg_interface1_v2,animated_example
ae_Measure,animated_example
ae_wrapper_class_v2,animated_example
ae_exception_v2,animated_example
ae_inheritance_polymorphism_2,animated_example
ae_constant_math_demo,animated_example
ae_constant_demo,animated_example
ae_cash_register_constant_demo,animated_example
ae_primitive_datatype_demo,animated_example
ae_do_while_demo,animated_example
ae_nested_for_demo,animated_example
ae_while_demo,animated_example
ae_concat_demo,animated_example
ae_conditional_demo1,animated_example
ae_switch_demo1,animated_example
ae_switch_demo2,animated_example
ae_unary_demo,animated_example
ae_tostring_demo,animated_example
ae_for_demo,animated_example
ae_multidimarray_demo,animated_example
ae_array_demo,animated_example
testttttt,example
vvvv,example
demo_example,example
demo_example_version_1,example
p1test,example
py_1,example
example_demo1,example
py_1.2,example
py_1.3,example
py_1.4,example
py_test,example
py_test_test,example
testSpaceinTitle,example
testSpace,example
title_title,example
example_question,example
pyt1.1,example
pyt1.2,example
pyt1.3,example
pyt1.4,example
pyt1.5,example
pyt1.6,example
pyt1.7,example
pyt1.8,example
pyt1.9,example
pyt2.1,example
pyt2.2,example
pyt2.3,example
pyt2.4,example
pyt2.5,example
pyt3.1,example
pyt3.2,example
pyt3.3,example
pyt3.4,example
pyt4.1,example
pyt4.2,example
pyt4.3,example
pyt4.4,example
pyt4.5,example
pyt4.6,example
pyt5.1,example
pyt5.2,example
pyt6.1,example
pyt6.2,example
pyt6.3,example
pyt6.4,example
pyt7.1,example
pyt7.2,example
pyt7.3,example
pyt7.4,example
pyt7.5,example
pyt7.6,example
pyt8.1,example
pyt8.2,example
pyt8.3,example
pyt9.2,example
pyt9.1,example
pyt9.3,example
xx,example
tt,example
kk,example
printing_py,example
calculate.py,example
pyt3.5,example
pyt3.6,example
pyt3.7,example
pyt3.8,example
pyt3.10,example
pyt3.11,example
pyt4.7,example
pyt4.8,example
pyt4.9,example
pyt4.10,example
pyt4.11,example
pyt4.13,example
pyt2.6,example
pyt10.1,example
pyt10.2,example
pyt10.3,example
pyt10.4,example
pyt10.5,example
pyt10.6,example
pyt10.7,example
pyt10.8,example
pyt10.9,example
pyt10.10,example
pyt10.11,example
pyt10.12,example
pyt10.13,example
pyt10.14,example
pyt10.15,example
pytt2.1,example
pytt2.2,example
pytt2.3,example
pytt4.1,example
pytt4.2,example
pytt4.3,example
pytt4.4,example
pytt4.5,example
pytt4.6,example
pytt4.7,example
pytt3.1,example
pytt3.2,example
pytt5.1,example
pytt5.2,example
pytt3.3,example
pytt7.1,example
pytt7.2,example
pytt8.1,example
pytt8.2,example
pyt10.16,example
pyt10.17,example
pyt10.18,example
pyt10.19,example
pyt10.20,example
pyt10.21,example
pyt10.22,example
pyt10.23,example
pyt10.24,example
pytt10.23,example
pytt10.24,example
pytt10.25,example
inheritance_polymorphism_2_version_1,example
HelloWorld2_v2_version_1,example
ifelse2_v2_version_1,example
AccessorMutatorDemo_version_1_delete,example
pyt8.2_version_2,example
