topic_name,content_name
Variables,jSimpleVariableTest
Variables,jVariable1_rev
Variables,jVariables2
Variables,jVariables3
Variables,jVariable4_rev
Variables,jprintlnTest
Variables,jVariables5
Variables,HelloPrinter
Variables,variables1_v2
Variables,variables2_v2
Variables,HelloWorld2_v2
Variables,VariableDemo
Variables,PrintTester
Variables,JavaTutorial_4_1_5
Variables,ae_BJ4_ch01_s05_HelloPrinter
Variables,ae_BJ4_ch01_s05_PrintTester
Variables,ae_BJ4_ch02_s03_VariableDemo
Primitive_Data_Types,jUsingDouble
Primitive_Data_Types,jusingFloat
Primitive_Data_Types,PrimitiveDataTypes_v2
Primitive_Data_Types,ae_JavaTutorial_4_1_3
Primitive_Data_Types,ae_primitive_datatype_demo
Constants,jConstants2
Constants,Constants_v2
Constants,constant_v2
Constants,ae_constant_demo
Constants,ae_constant_math_demo
Constants,ae_cash_register_constant_demo
Arithmetic_Operations,jCompoundAssignment_mult
Arithmetic_Operations,jVariable1
Arithmetic_Operations,jOperator1
Arithmetic_Operations,jIncrement
Arithmetic_Operations,jPostIncrement
Arithmetic_Operations,jPostDecrement
Arithmetic_Operations,jPreDecrement
Arithmetic_Operations,jDouble1
Arithmetic_Operations,jMathFuc1
Arithmetic_Operations,jMathFuc2
Arithmetic_Operations,jInt_Long
Arithmetic_Operations,jMathAbs
Arithmetic_Operations,jMathCeil
Arithmetic_Operations,jConstants3
Arithmetic_Operations,jDivision
Arithmetic_Operations,arithmetic_v2
Arithmetic_Operations,OperatorExample_v2
Arithmetic_Operations,increment_v2
Arithmetic_Operations,Decrement
Arithmetic_Operations,CompoundAssignment
Arithmetic_Operations,MathFunction_v2
Arithmetic_Operations,TypeCasting_v2
Arithmetic_Operations,ae_arithmetic_v2
Arithmetic_Operations,ae_unary_demo
Strings,jString1
Strings,jString2
Strings,jString3
Strings,jString4
Strings,jString5
Strings,jString6
Strings,jString_to_Double
Strings,jString_to_Int
Strings,jStringEqual
Strings,jStringReplace
Strings,CreateString_v2
Strings,substring_v2
Strings,string_length_v2
Strings,StringExample_v2
Strings,StringsCharAt
Strings,StringsParse
Strings,StringsEqualsIgnoreCase
Strings,StringsReplace
Strings,stringEquals
Strings,ae_StringExample_v2
Strings,ae_concat_demo
Strings,ae_tostring_demo
Boolean_Expressions,jBoolean_Var
Boolean_Expressions,jBoolean_Method
Boolean_Expressions,jBoolean_Operators
Boolean_Expressions,jBoolean_Operators3
Boolean_Expressions,jbooleanOperationsOR
Boolean_Expressions,jbooleanOperationsNotEqual
Boolean_Expressions,jbooleanOperationsNot
Boolean_Expressions,jbooleanOperationsLessEqual
Boolean_Expressions,jbooleanOperationsGreaterEqual
Boolean_Expressions,jIfelse1
Boolean_Expressions,jtestNull
Boolean_Expressions,jCompareString
Boolean_Expressions,boolean_declaration_v2
Boolean_Expressions,boolean_expression_v2
Boolean_Expressions,boolean_operators_v2
Boolean_Expressions,comparison_operators_v2
Boolean_Expressions,conditional_operators_v2
Boolean_Expressions,relational_operators_v2
Boolean_Expressions,ObjectEquality
Boolean_Expressions,testNull
Boolean_Expressions,JavaTutorial_4_2_9
Boolean_Expressions,JavaTutorial_4_2_8
Boolean_Expressions,JavaTutorial_4_2_5
Boolean_Expressions,logical_operators_v2
Boolean_Expressions,JavaTutorial_4_2_2
Boolean_Expressions,stringEquals
Boolean_Expressions,ae_comparison_operators_v2
Boolean_Expressions,ae_relational_operators_v2
Boolean_Expressions,ae_conditional_demo1
Decisions,jIfelse5
Decisions,jEarthquake
Decisions,ifelse2_v2
Decisions,JavaTutorial_4_2_6
Decisions,JavaTutorial_4_2_7
Decisions,decisions1_v2
Decisions,ae_decisions1_v2
Decisions,ae_JavaTutorial_4_2_7
Switch,jSwitch1
Switch,jSwitch2
Switch,jSwitch3
Switch,JavaTutorial_4_3_2
Switch,JavaTutorial_4_3_4
Switch,JavaTutorial_4_3_5
Switch,switch_v2
Switch,ae_switch_demo1
Switch,ae_switch_demo2
Loops_while,jWhile1
Loops_while,jWhile2
Loops_while,jWhile3
Loops_while,jWhile4
Loops_while,while_v2
Loops_while,JavaTutorial_4_4_2
Loops_while,ae_while_v2
Loops_while,ae_while_demo
Loops_do_while,jDowhile1
Loops_do_while,jDowhile2
Loops_do_while,jDowhile3
Loops_do_while,jDowhile6
Loops_do_while,jDowhile8
Loops_do_while,do_while_v2
Loops_do_while,ae_do_while_v2
Loops_do_while,ae_do_while_demo
Loops_for,jFor1
Loops_for,jFor2
Loops_for,jFor3
Loops_for,for1_v2
Loops_for,JavaTutorial_4_6_5
Loops_for,JavaTutorial_4_6_7
Loops_for,JavaTutorial_4_6_6
Loops_for,JavaTutorial_4_6_8
Loops_for,JavaTutorial_4_6_9
Loops_for,ae_JavaTutorial_4_6_6
Loops_for,ae_for_demo
Nested_Loops,jNested1
Nested_Loops,jNested2
Nested_Loops,nested_loops_v2
Nested_Loops,nested_loops2_v2
Nested_Loops,JavaTutorial_4_6_14
Nested_Loops,JavaTutorial_4_6_12
Nested_Loops,ae_nested_loops_v2
Nested_Loops,ae_nested_for_demo
Objects,jObjects1
Objects,jObjects2
Objects,jObjects3
Objects,MethodDemo
Objects,ConstructorDemo
Objects,AccessorMutatorDemo
Objects,CopyDemo
Objects,ae_BJ4_ch02_s05_MethodDemo
Objects,ae_BJ4_ch02_s06_ConstructorDemo
Objects,ae_BJ4_ch02_s07_AccessorMutatorDemo
Objects,ae_BJ4_ch02_s09_MoveTester
Objects,ae_BJ4_ch02_s10_CopyDemo
Classes,jClass1
Classes,jBankAccount
Classes,jBa_ques
Classes,jClasses4
Classes,jClasses_Getter
Classes,jClassBankAccountThis
Classes,jClassCashRegister
Classes,Bicycle_v2
Classes,Rectangle_v2
Classes,CounterDemo
Classes,BankAccountTester
Classes,CashRegisterConstantField
Classes,thisReference
Classes,ae_BJ4_ch03_s01_CounterDemo
Classes,ae_BJ4_ch03_s06_BankAccountTester
Classes,ae_BJ4_ch03_s06_CashRegisterTester
Arrays,jArray1
Arrays,jArray2
Arrays,jArray3
Arrays,jArray4
Arrays,jArray5
Arrays,jEnhancedForLoop
Arrays,array_declaration_v2
Arrays,using_array_v2
Arrays,use_array_v2
Arrays,JavaTutorial_4_7_5
Arrays,JavaTutorial_4_7_2
Arrays,JavaTutorial_4_7_6
Arrays,JavaTutorial_4_7_8
Arrays,EnhancedForLoopDemo
Arrays,ae_use_array_v2
Arrays,ae_array_demo
Two-dimensional_Arrays,j2D_Arrays1
Two-dimensional_Arrays,j2D_Arrays2
Two-dimensional_Arrays,j2D_arrays3
Two-dimensional_Arrays,j2D_arrays4
Two-dimensional_Arrays,create_2d_array_v2
Two-dimensional_Arrays,use_2darray_v2
Two-dimensional_Arrays,JavaTutorial_4_7_7
Two-dimensional_Arrays,TicTacToe
Two-dimensional_Arrays,ae_use_2darray_v2
Two-dimensional_Arrays,ae_multidimarray_demo
ArrayList,jArrayList1
ArrayList,jArrayList2
ArrayList,jArrayList3
ArrayList,jArrayList4
ArrayList,jArrayList5
ArrayList,arraylist1_v2
ArrayList,arraylist2_v2
ArrayList,JavaTutorial_4_7_4
ArrayList,ArrayListTester
ArrayList,GradeBook
ArrayList,Bank
ArrayList,ae_arraylist2_v2
ArrayList,ae_EnhancedForLoopDemo
ArrayList,ae_JavaTutorial_4_7_5
ArrayList,ae_JavaTutorial_4_7_8
ArrayList,ae_JavaTutorial_4_7_4
Wrapper_Classes,jWrapper_Class1
Wrapper_Classes,jWrapper_Class2
Wrapper_Classes,jWrapper_Class3
Wrapper_Classes,jWrapper_Class4
Wrapper_Classes,wrapper_class_v2
Wrapper_Classes,ae_wrapper_class_v2
Inheritance,jInheritance1
Inheritance,jInheritance2
Inheritance,jInheritance3
Inheritance,jInheritance4
Inheritance,jInheritance5
Inheritance,jInheritance6
Inheritance,override_v2
Inheritance,simple_inheritance_1
Inheritance,poly_v2
Inheritance,inheritance_polymorphism_1
Inheritance,inheritance_casting_1
Inheritance,inheritance_polymorphism_2
Inheritance,inheritance_constructors_1
Inheritance,OverridingObjectMethods
Inheritance,ae_simple_inheritance_1
Inheritance,ae_inheritance_polymorphism_1
Inheritance,ae_inheritance_polymorphism_2
Interfaces,jInterfaces1
Interfaces,jInterfaces2
Interfaces,jInterfaces3
Interfaces,jInterfaces4
Interfaces,jInterfaces5
Interfaces,jeg_interface1_v2
Interfaces,imple_multi_v2
Interfaces,Measure
Interfaces,InterfacePolymorphism
Interfaces,interfaceClassConversion
Interfaces,ae_jeg_interface1_v2
Interfaces,ae_Measure
Exceptions,jExceptions1
Exceptions,jExceptions2
Exceptions,jExceptions3
Exceptions,jExceptions4
Exceptions,jExceptions5
Exceptions,exception_v2
Exceptions,ae_exception_v2
